EMPLOYEE_ID,EMPLOYEE_NK,FIRST_NAME,LAST_NAME,WORK_EMAIL,PHONE,HIRE_DATE,TERMINATION_DATE,EMPLOYMENT_STATUS,EMPLOYMENT_TYPE,ROLE_TITLE,MANAGER_ID,DEPARTMENT_ID,DEPARTMENT_NAME,REGION_CODE,REGION_NAME,MARKET_AREA_CODE,MARKET_AREA_NAME,LOCATION_CITY,LOCATION_STATE,LOCATION_COUNTRY,SALARY_BASE_AMT,COMMISSION_RATE,SOURCE_SYSTEM,BATCH_ID,INGEST_TS,RECORD_HASH,IS_DELETED,AGE,CATEGORY
1,HR-10001,Amelia,Jones,amelia.jones@company.com,+1-555-319-1614,2022-07-15,2025-12-05,Leave,Full-time,AE,215.0,SLS,Sales,LATAM,Latin America,APAC-SOUTH,APAC - South,New York,BC,USA,69125.67,0.0118,HRIS,HRLOAD-679,2025-09-24 04:58:31.000,hnM6Jy8c1rihtYlK,False,61,finance
2,HR-10002,Sophia,Lopez,sophia.lopez@company.com,+1-555-796-9711,2021-07-26,,Active,Full-time,AE,,ENG,Engineering,NA,North America,APAC-NORTH,APAC - North,Singapore,SP,India,113812.97,0.0723,HRIS,HRLOAD-354,2025-09-24 04:58:31.000,XRpJG2Tr8hzUjEcP,False,56,finance
3,HR-10003,Charlotte,Hernandez,charlotte.hernandez@company.com,+1-555-960-2533,2016-10-08,,Active,Full-time,Sales Ops,,SUP,Support,APAC,Asia Pacific,APAC-SOUTH,APAC - South,Sao Paulo,NY,USA,90739.12,0.0619,HRIS,HRLOAD-691,2025-09-24 04:58:31.000,9YrxPbCkhdVipy2e,False,49,finance
4,HR-10004,Mia,Moore,mia.moore@company.com,+1-555-799-7233,2020-01-09,,Active,Full-time,Sales Ops,,FIN,Finance,APAC,Asia Pacific,US-EAST,United States - East,London,NY,Canada,21155.81,0.1317,HRIS,HRLOAD-112,2025-09-24 04:58:31.000,EKqazwJ7QFMPd3W2,False,56,hr
5,HR-10005,Mia,Gonzalez,mia.gonzalez@company.com,+1-555-313-8219,2016-10-02,,Active,Full-time,Field Sales,175.0,SLS,Sales,LATAM,Latin America,EU-WEST,Europe - West,San Francisco,NY,USA,71014.03,0.1073,HRIS,HRLOAD-472,2025-09-24 04:58:31.000,MemxN7LDhE8DtiUT,False,51,hr
6,HR-10006,Daniel,Garcia,daniel.garcia@company.com,+1-555-876-9652,2016-04-20,,Active,Full-time,Inside Sales,,HR,Human Resources,NA,North America,US-EAST,United States - East,New York,BE,India,47003.98,0.0334,HRIS,HRLOAD-890,2025-09-24 04:58:31.000,nHFNMWVmoyXmET9W,False,51,finance
7,HR-10007,Isabella,Miller,isabella.miller@company.com,+1-555-301-6533,2018-06-22,2021-08-27,Terminated,Full-time,Inside Sales,,ENG,Engineering,APAC,Asia Pacific,EU-WEST,Europe - West,San Francisco,SP,Singapore,44280.83,0.1286,HRIS,HRLOAD-954,2025-09-24 04:58:31.000,O4WUDlWuX8yy6Skh,False,30,finance
8,HR-10008,Charlotte,Anderson,charlotte.anderson@company.com,+1-555-661-3146,2022-02-25,,Active,Full-time,Field Sales,53.0,HR,Human Resources,EMEA,"Europe, Middle East & Africa",APAC-NORTH,APAC - North,London,ON,Brazil,26376.65,0.1748,HRIS,HRLOAD-128,2025-09-24 04:58:31.000,psoKqzi4vCK4A4FG,False,54,hr
9,HR-10009,Evelyn,Smith,evelyn.smith@company.com,+1-555-244-8757,2017-12-06,,Active,Full-time,Sales Ops,,MKT,Marketing,LATAM,Latin America,LATAM-SOUTH,LATAM - South,New York,CA,Germany,84879.76,0.1061,HRIS,HRLOAD-594,2025-09-24 04:58:31.000,WgIprVFIV4BLFFQC,False,55,hr
10,HR-10010,Elizabeth,Thomas,elizabeth.thomas@company.com,+1-555-240-7826,2018-04-09,,Terminated,Contract,Inside Sales,227.0,HR,Human Resources,EMEA,"Europe, Middle East & Africa",APAC-SOUTH,APAC - South,Singapore,NY,Singapore,31876.65,0.0146,HRIS,HRLOAD-785,2025-09-24 04:58:31.000,shW6NwpiCUf2kPnR,False,53,finance
11,HR-10011,Mia,Hernandez,mia.hernandez@company.com,+1-555-667-8514,2019-10-16,,Active,Full-time,Inside Sales,,SUP,Support,LATAM,Latin America,US-EAST,United States - East,San Francisco,ON,Germany,65092.06,0.0591,HRIS,HRLOAD-165,2025-09-24 04:58:31.000,g4o2fq4lUY0P6zHF,False,52,hr
12,HR-10012,Sebastian,Hernandez,sebastian.hernandez@company.com,+1-555-117-2451,2019-01-06,,Active,Contract,Sales Manager,,SLS,Sales,NA,North America,EU-NORTH,Europe - North,New York,BC,USA,34734.12,0.0243,HRIS,HRLOAD-111,2025-09-24 04:58:31.000,vI5qiGogkdmtsVrF,False,32,finance
13,HR-10013,Isabella,Lopez,isabella.lopez@company.com,+1-555-626-8778,2018-02-15,,Active,Full-time,AE,,SLS,Sales,NA,North America,EU-NORTH,Europe - North,Sao Paulo,NY,Singapore,101270.42,0.0864,HRIS,HRLOAD-606,2025-09-24 04:58:31.000,H38tnom2Ti98ZaM2,False,48,hr
14,HR-10014,Elijah,Johnson,elijah.johnson@company.com,+1-555-809-5801,2018-09-19,,Active,Full-time,Sales Ops,95.0,FIN,Finance,NA,North America,APAC-SOUTH,APAC - South,London,BE,UK,3434.73,0.0728,HRIS,HRLOAD-436,2025-09-24 04:58:31.000,8Hp7twaxDFmFaqfy,False,23,finance
15,HR-10015,Mia,Smith,mia.smith@company.com,+1-555-258-7381,2024-06-01,,Active,Contract,Sr AE,,ENG,Engineering,APAC,Asia Pacific,EU-NORTH,Europe - North,Sao Paulo,TX,Germany,89898.69,0.1286,HRIS,HRLOAD-144,2025-09-24 04:58:31.000,ZSFARF4UJYaQXS7N,False,26,finance
16,HR-10016,Ava,Johnson,ava.johnson@company.com,+1-555-742-1308,2016-07-26,,Active,Full-time,AE,,SUP,Support,EMEA,"Europe, Middle East & Africa",APAC-SOUTH,APAC - South,Berlin,SP,Germany,3397.72,0.1595,HRIS,HRLOAD-866,2025-09-24 04:58:31.000,53fGUDY0oUoOC0e4,False,39,finance
17,HR-10017,Michael,Johnson,michael.johnson@company.com,+1-555-411-3186,2023-10-09,,Active,Full-time,Sr AE,32.0,HR,Human Resources,EMEA,"Europe, Middle East & Africa",US-WEST,United States - West,Sao Paulo,BE,Singapore,14942.29,0.0435,HRIS,HRLOAD-601,2025-09-24 04:58:31.000,sGCCh3m86bCY8Bqn,False,34,finance
18,HR-10018,Olivia,Jackson,olivia.jackson@company.com,+1-555-939-9335,2022-10-07,,Active,Full-time,Sales Ops,,ENG,Engineering,NA,North America,US-EAST,United States - East,New York,KA,Canada,62746.55,0.1752,HRIS,HRLOAD-503,2025-09-24 04:58:31.000,baEBsivt0aU0h5S3,False,39,finance
19,HR-10019,Isabella,Lopez,isabella.lopez@company.com,+1-555-381-1790,2024-06-22,,Active,Contract,Sales Ops,,FIN,Finance,NA,North America,EU-WEST,Europe - West,San Francisco,BE,Singapore,115270.79,0.0499,HRIS,HRLOAD-372,2025-09-24 04:58:31.000,BtVWAbVy2Ime5zMi,False,39,finance
20,HR-10020,Aiden,Johnson,aiden.johnson@company.com,+1-555-856-5262,2024-04-15,,Active,Full-time,Field Sales,,FIN,Finance,EMEA,"Europe, Middle East & Africa",US-EAST,United States - East,Berlin,BE,UK,69878.6,0.0789,HRIS,HRLOAD-271,2025-09-24 04:58:31.000,NeFYICuVAHpkItwY,False,33,finance
21,HR-10021,Jackson,Smith,jackson.smith@company.com,+1-555-870-2016,2019-10-17,,Active,Full-time,Sales Manager,,FIN,Finance,LATAM,Latin America,EU-WEST,Europe - West,Singapore,TX,Singapore,63407.49,0.1259,HRIS,HRLOAD-983,2025-09-24 04:58:31.000,0f3xOAtY8hAVX8Ee,False,54,hr
22,HR-10022,Sofia,Anderson,sofia.anderson@company.com,+1-555-211-8492,2023-08-25,,Active,Full-time,Sr AE,21.0,SLS,Sales,LATAM,Latin America,US-EAST,United States - East,San Francisco,TX,Canada,71325.87,0.0075,HRIS,HRLOAD-832,2025-09-24 04:58:31.000,shpNRgeGKynLasC7,False,62,hr
23,HR-10023,Daniel,Davis,daniel.davis@company.com,+1-555-765-6036,2026-04-15,,Active,Contract,Sales Ops,100.0,MKT,Marketing,LATAM,Latin America,APAC-NORTH,APAC - North,Sao Paulo,ON,USA,33870.73,0.1335,HRIS,HRLOAD-479,2025-09-24 04:58:31.000,ocuAQmXTFm8tYonV,False,39,finance
24,HR-10024,Noah,Martin,noah.martin@company.com,+1-555-709-3398,2016-08-19,,Active,Contract,Sr AE,,MKT,Marketing,LATAM,Latin America,APAC-NORTH,APAC - North,San Francisco,BC,USA,119894.36,0.0284,HRIS,HRLOAD-153,2025-09-24 04:58:31.000,SlBStheklOGCtS09,False,49,finance
25,HR-10025,Elijah,Brown,elijah.brown@company.com,+1-555-674-4398,2017-05-21,,Active,Contract,AE,,SUP,Support,NA,North America,US-WEST,United States - West,Bengaluru,ON,USA,8910.88,0.0947,HRIS,HRLOAD-481,2025-09-24 04:58:31.000,HBuTDNpMzxCXdmdL,False,44,hr
26,HR-10026,Isabella,Hernandez,isabella.hernandez@company.com,+1-555-103-2070,2019-05-03,,Active,Contract,Sales Manager,120.0,ENG,Engineering,NA,North America,EU-NORTH,Europe - North,New York,SP,Singapore,117813.32,0.1908,HRIS,HRLOAD-495,2025-09-24 04:58:31.000,W4YiEa5sQjo1CWKF,False,46,finance
27,HR-10027,Michael,Garcia,michael.garcia@company.com,+1-555-264-7988,2019-08-27,,Active,Full-time,Sales Manager,,SLS,Sales,EMEA,"Europe, Middle East & Africa",EU-WEST,Europe - West,New York,BE,India,13089.91,0.0193,HRIS,HRLOAD-610,2025-09-24 04:58:31.000,98kiC3oHVVWsrqpq,False,49,finance
28,HR-10028,Mason,Garcia,mason.garcia@company.com,+1-555-351-9312,2019-08-29,2021-08-13,Leave,Full-time,Inside Sales,,MKT,Marketing,,"Europe, Middle East & Africa",US-EAST,United States - East,New York,SP,USA,15279.89,0.095,HRIS,HRLOAD-938,2025-09-24 04:58:31.000,oBx2odLZmeFlLWPa,False,61,hr
29,HR-10029,Benjamin,Martin,benjamin.martin@company.com,+1-555-139-4333,2018-11-10,,Active,Full-time,Inside Sales,,SLS,Sales,??,Asia Pacific,US-EAST,United States - East,Singapore,ON,Singapore,47617.11,0.1242,HRIS,HRLOAD-179,2025-09-24 04:58:31.000,mXHdgyINfkRzrt7t,False,57,finance
30,HR-10030,Jackson,Lopez,jackson.lopez@company.com,+1-555-308-1096,2020-07-16,,Active,Full-time,Inside Sales,,SLS,Sales,LATAM,Latin America,EU-WEST,Europe - West,London,ON,USA,101444.23,0.0812,HRIS,HRLOAD-473,2025-09-24 04:58:31.000,CkaIN4fMwFjrG5gE,False,33,finance
31,HR-10031,Lucas,Jones,lucas.jones@company.com,+1-555-829-3625,2016-12-19,,Active,Full-time,AE,,SUP,Support,NA,North America,EU-WEST,Europe - West,Berlin,ON,India,104562.17,0.1658,HRIS,HRLOAD-287,2025-09-24 04:58:31.000,Jc6jwj8Yl20PPuyC,False,61,hr
32,HR-10032,Michael,Martinez,michael.martinez@company.com,+1-555-615-8181,2021-01-04,,Active,Full-time,Sr AE,2.0,HR,Human Resources,LATAM,Latin America,EU-NORTH,Europe - North,Sao Paulo,SP,Canada,56618.26,0.1237,HRIS,HRLOAD-938,2025-09-24 04:58:31.000,ClDghAfBFcNfTWFd,False,53,hr
33,HR-10033,Jackson,Gonzalez,jackson.gonzalez@company.com,+1-555-234-9058,2018-03-04,,Active,Full-time,Sales Ops,,SLS,Sales,EMEA,"Europe, Middle East & Africa",US-WEST,United States - West,London,BC,USA,102964.33,0.1221,HRIS,HRLOAD-358,2025-09-24 04:58:31.000,j3rYiF5mqFtclj6Q,False,45,finance
34,HR-10034,Elijah,Rodriguez,elijah.rodriguez@company.com,+1-555-668-9543,2021-01-29,,Active,Full-time,AE,,HR,Human Resources,NA,North America,LATAM-SOUTH,LATAM - South,New York,BE,India,78573.15,0.0789,HRIS,HRLOAD-916,2025-09-24 04:58:31.000,xxwjufoM7sFt7153,False,21,finance
35,HR-10035,Emily,Johnson,emily.johnson@company.com,+1-555-148-3163,2020-01-31,,Active,Full-time,Sales Ops,,SUP,Support,EMEA,"Europe, Middle East & Africa",US-EAST,United States - East,San Francisco,CA,USA,3313.86,0.071,HRIS,HRLOAD-208,2025-09-24 04:58:31.000,GHzsiwZjaXRBdiPq,False,37,hr
36,HR-10036,Ava,Johnson,ava.johnson@company.com,+1-555-604-5071,2024-03-23,,Active,Contract,Sales Ops,1.0,ENG,Engineering,APAC,Asia Pacific,APAC-NORTH,APAC - North,San Francisco,CA,India,6027.03,0.0371,HRIS,HRLOAD-263,2025-09-24 04:58:31.000,dWaI6imLFNYktsd3,False,51,hr
37,HR-10037,Sebastian,Moore,sebastian.moore@company.com,+1-555-207-5283,2023-05-09,2025-03-01,Terminated,Full-time,Sales Manager,,FIN,Finance,NA,North America,EU-WEST,Europe - West,San Francisco,NY,Germany,109952.87,0.185,HRIS,HRLOAD-965,2025-09-24 04:58:31.000,qdNQQ48s53fFk40m,False,31,finance
38,HR-10038,Emily,Hernandez,emily.hernandez@company.com,+1-555-809-9787,2023-01-27,,Active,Contract,Sales Ops,,SUP,Support,EMEA,"Europe, Middle East & Africa",EU-WEST,Europe - West,San Francisco,CA,UK,117683.59,0.0468,HRIS,HRLOAD-415,2025-09-24 04:58:31.000,WyKJkcgMk8RbiNce,False,23,hr
39,HR-10039,Olivia,Jackson,olivia.jackson@company.com,+1-555-493-2754,2023-12-23,,Active,Contract,Sales Manager,,HR,Human Resources,APAC,Asia Pacific,US-EAST,United States - East,Berlin,NY,USA,7131.22,0.1695,HRIS,HRLOAD-931,2025-09-24 04:58:31.000,UfUNDiXOsuqv5dV4,False,59,finance
40,HR-10040,Evelyn,Thomas,evelyn..thomas@company..com,+1-555-891-2610,2021-10-25,,Active,Full-time,AE,,ENG,Engineering,APAC,Asia Pacific,APAC-NORTH,APAC - North,San Francisco,BC,Singapore,106468.72,0.0182,HRIS,HRLOAD-939,2025-09-24 04:58:31.000,rBGrUdvfRZ7K7FJj,False,34,finance
41,HR-10041,Sebastian,Davis,sebastian.davis@company.com,+1-555-674-2713,2023-10-26,,Active,Full-time,Sales Manager,,SLS,Sales,LATAM,Latin America,US-EAST,United States - East,Singapore,NY,UK,114420.55,0.1784,HRIS,HRLOAD-863,2025-09-24 04:58:31.000,f3bmq3Fx2oCGUUOv,False,41,hr
42,HR-10042,Evelyn,Jones,evelyn.jones@company.com,+1-555-891-5214,2023-09-23,,Active,Full-time,Sales Manager,,HR,Human Resources,LATAM,Latin America,APAC-SOUTH,APAC - South,London,KA,UK,80124.11,0.1393,HRIS,HRLOAD-619,2025-09-24 04:58:31.000,lsR0jjpuGjul8Tg7,False,27,finance
43,HR-10043,Sophia,Gonzalez,sophia.gonzalez@company.com,+1-555-753-2750,2017-03-23,,Active,Full-time,Sales Manager,,SUP,Support,EMEA,"Europe, Middle East & Africa",US-EAST,United States - East,Toronto,SP,USA,4514.08,0.1709,HRIS,HRLOAD-547,2025-09-24 04:58:31.000,QFNCiLzT4AJUAoS2,False,62,finance
44,HR-10044,Sebastian,Jackson,sebastian.jackson@company.com,+1-555-743-2603,2018-11-30,,Active,Full-time,Sales Manager,,MKT,Marketing,EMEA,"Europe, Middle East & Africa",APAC-SOUTH,APAC - South,Berlin,ON,Singapore,88516.26,0.0313,HRIS,HRLOAD-969,2025-09-24 04:58:31.000,ACMzP5lOWyE8cHjW,False,33,finance
45,HR-10045,Evelyn,Lopez,evelyn.lopez@company.com,+1-555-116-7060,2021-09-28,,Active,Full-time,Field Sales,,HR,Human Resources,NA,North America,LATAM-SOUTH,LATAM - South,Toronto,SP,Canada,121833.36,0.0368,HRIS,HRLOAD-626,2025-09-24 04:58:31.000,Vh9wdryazARvqnT6,False,54,hr
46,HR-10046,Mason,Gonzalez,mason.gonzalez@company.com,+1-555-757-4702,2024-12-14,2028-02-17,Terminated,Full-time,Sr AE,,MKT,Marketing,LATAM,Latin America,US-EAST,United States - East,London,KA,Singapore,79655.58,0.1637,HRIS,HRLOAD-935,2025-09-24 04:58:31.000,z9VOWDWoRQ8QDXXw,False,62,hr
47,HR-10047,Lucas,Hernandez,lucas.hernandez@company.com,+1-555-256-5967,2020-01-24,,Active,Full-time,Sales Ops,,FIN,Finance,LATAM,Latin America,EU-WEST,Europe - West,San Francisco,NY,Brazil,70750.72,0.0649,HRIS,HRLOAD-243,2025-09-24 04:58:31.000,GvKOnesLJ0lCWmyH,False,60,hr
48,HR-10048,Jackson,Martin,jackson.martin@company.com,+1-555-859-8185,2023-10-08,2024-10-03,Leave,Full-time,Sales Manager,,HR,Human Resources,NA,North America,APAC-SOUTH,APAC - South,New York,NY,Germany,53284.58,0.1654,HRIS,HRLOAD-584,2025-09-24 04:58:31.000,EdCiEEH1a0DIP0xz,False,64,hr
49,HR-10049,Olivia,Garcia,olivia.garcia@company.com,+1-555-438-2539,2024-04-04,,Active,Full-time,AE,,ENG,Engineering,APAC,Asia Pacific,APAC-SOUTH,APAC - South,Sao Paulo,TX,USA,28603.42,0.0831,HRIS,HRLOAD-229,2025-09-24 04:58:31.000,u1wDGVnAAIZsZzFq,False,53,finance
50,HR-10050,Ethan,Miller,ethan.miller@company.com,+1-555-700-2434,2017-06-06,,Active,Full-time,Inside Sales,,SLS,Sales,LATAM,Latin America,LATAM-SOUTH,LATAM - South,San Francisco,ON,Singapore,69515.29,0.0812,HRIS,HRLOAD-687,2025-09-24 04:58:31.000,dsal5LOW4LMMRKQn,False,63,finance
51,HR-10051,Henry,Anderson,henry.anderson@company.com,+1-555-771-1219,2017-02-16,,Leave,Full-time,Sr AE,,ENG,Engineering,EMEA,"Europe, Middle East & Africa",US-WEST,United States - West,London,BE,India,88215.93,0.1725,HRIS,HRLOAD-289,2025-09-24 04:58:31.000,AtAN5dJchYJ4BayK,False,63,finance
52,HR-10052,Emma,Thomas,emma.thomas@company.com,+1-555-741-1254,2017-09-13,,Active,Full-time,AE,,SLS,Sales,LATAM,Latin America,APAC-NORTH,APAC - North,San Francisco,NY,Brazil,13576.71,0.1739,HRIS,HRLOAD-232,2025-09-24 04:58:31.000,DrJBU5wURiVsIEP3,False,24,hr
53,HR-10053,Sebastian,Johnson,sebastian.johnson@company.com,+1-555-418-6119,2020-05-12,,Active,Full-time,Sales Manager,,SLS,Sales,NA,North America,US-WEST,United States - West,London,SP,India,10173.48,0.0735,HRIS,HRLOAD-688,2025-09-24 04:58:31.000,TDk7h7kXDWCqUurM,False,62,finance
54,HR-10054,Sebastian,Martin,sebastian.martin@company.com,+1-555-698-8021,2022-09-28,,Terminated,Full-time,Sales Manager,,HR,Human Resources,APAC,Asia Pacific,LATAM-SOUTH,LATAM - South,Berlin,ON,UK,85178.64,0.1204,HRIS,HRLOAD-339,2025-09-24 04:58:31.000,YraqAKY3cZY1Jq0Y,False,64,hr
55,HR-10055,Michael,Thomas,michael.thomas@company.com,+1-555-906-4834,2018-03-31,,Active,Full-time,Sales Ops,,SLS,Sales,APAC,Asia Pacific,APAC-NORTH,APAC - North,San Francisco,ON,UK,88000.72,0.1852,HRIS,HRLOAD-700,2025-09-24 04:58:31.000,UXCfYVoJ32GDKlll,False,65,hr
56,HR-10056,Lucas,Lopez,lucas.lopez@company.com,+1-555-483-2738,2021-07-13,,Active,Contract,Sr AE,,HR,Human Resources,APAC,Asia Pacific,EU-WEST,Europe - West,Sao Paulo,NY,Canada,40894.74,0.0061,HRIS,HRLOAD-387,2025-09-24 04:58:31.000,Gbc91EJqWA6VY7pc,False,33,hr
57,HR-10057,Elijah,Gonzalez,elijah.gonzalez@company.com,+1-555-598-2051,2021-02-20,,Active,Contract,AE,,SLS,Sales,NA,North America,US-WEST,United States - West,Toronto,NY,Singapore,118115.59,0.0514,HRIS,HRLOAD-678,2025-09-24 04:58:31.000,of5Fl0woSk66dIb4,False,37,hr
58,HR-10058,Elizabeth,Taylor,elizabeth.taylor@company.com,+1-555-793-5895,2018-03-25,,Active,Full-time,Sr AE,,SLS,Sales,LATAM,Latin America,US-WEST,United States - West,Sao Paulo,NY,UK,41870.21,0.0514,HRIS,HRLOAD-227,2025-09-24 04:58:31.000,xxBY43D4XjZeMxUW,False,27,finance
59,HR-10059,Mia,Smith,mia.smith@company.com,+1-555-326-1929,2023-01-17,2025-06-14,Leave,Full-time,Inside Sales,232.0,SUP,Support,NA,North America,EU-WEST,Europe - West,London,SP,Brazil,20927.04,0.0837,HRIS,HRLOAD-352,2025-09-24 04:58:31.000,jq0ukEt3h8d3PnDr,False,37,hr
60,HR-10060,Michael,Miller,michael.miller@company.com,+1-555-158-5809,2019-03-31,2020-09-13,Terminated,Full-time,Sr AE,9.0,SUP,Support,APAC,Asia Pacific,EU-WEST,Europe - West,Sao Paulo,KA,India,19817.21,0.0004,HRIS,HRLOAD-952,2025-09-24 04:58:31.000,6rwczrl0GokLZ3TV,False,32,hr
61,HR-10061,Sophia,Jones,sophia.jones@company.com,+1-555-517-1907,2021-10-29,,Active,Full-time,Sr AE,,SUP,Support,EMEA,"Europe, Middle East & Africa",APAC-NORTH,APAC - North,Singapore,KA,Germany,104028.95,0.1729,HRIS,HRLOAD-604,2025-09-24 04:58:31.000,fzViPpI9cRJ1w58e,False,43,hr
62,HR-10062,Sebastian,Davis,sebastian.davis@company.com,+1-555-993-2764,2019-04-09,,Active,Contract,Field Sales,,ENG,Engineering,APAC,Asia Pacific,LATAM-SOUTH,LATAM - South,Sao Paulo,SP,India,6077.02,0.1609,HRIS,HRLOAD-237,2025-09-24 04:58:31.000,b7nlgpYbfRmbLJGR,False,27,hr
63,HR-10063,Ethan,Brown,ethan.brown@company.com,+1-555-386-2802,2024-07-16,,Active,Full-time,AE,208.0,SUP,Support,EMEA,"Europe, Middle East & Africa",US-WEST,United States - West,London,BC,Brazil,30243.98,0.1338,HRIS,HRLOAD-573,2025-09-24 04:58:31.000,UkZ6yA0Gy6WuouB8,False,41,hr
64,HR-10064,Daniel,Gonzalez,daniel.gonzalez@company.com,+1-555-779-1189,2018-10-18,,Terminated,Contract,Sr AE,,HR,Human Resources,NA,North America,EU-NORTH,Europe - North,London,NY,Germany,54964.86,0.101,HRIS,HRLOAD-121,2025-09-24 04:58:31.000,nAy9Cc88c1M4MMXc,False,27,finance
65,HR-10065,Isabella,Brown,isabella.brown@company.com,+1-555-270-2972,2023-04-06,,Active,Full-time,AE,264.0,MKT,Marketing,NA,North America,EU-WEST,Europe - West,Bengaluru,NY,UK,73829.78,0.1864,HRIS,HRLOAD-550,2025-09-24 04:58:31.000,hiszrpfH0LJOmSCH,False,60,finance
66,HR-10066,Aiden,Thomas,aiden.thomas@company.com,+1-555-699-7495,2020-04-18,,Active,Full-time,Inside Sales,181.0,MKT,Marketing,APAC,Asia Pacific,US-WEST,United States - West,London,BC,Germany,69798.38,0.0983,HRIS,HRLOAD-391,2025-09-24 04:58:31.000,2ndbILvOGZvVG9Q5,False,47,hr
67,HR-10067,Amelia,Lopez,amelia.lopez@company.com,+1-555-197-8786,2026-01-24,,Active,Full-time,Sales Ops,,MKT,Marketing,EMEA,"Europe, Middle East & Africa",APAC-SOUTH,APAC - South,London,ON,Brazil,15402.78,0.0821,HRIS,HRLOAD-663,2025-09-24 04:58:31.000,KE7JzW2LxCCSsyIx,False,41,finance
68,HR-10068,Ava,Thomas,ava.thomas@company.com,+1-555-689-7176,2020-11-19,,Active,Full-time,Sr AE,,SUP,Support,LATAM,Latin America,EU-WEST,Europe - West,New York,KA,Germany,119273.99,0.1216,HRIS,HRLOAD-348,2025-09-24 04:58:31.000,7mA4acJE5VH9GGQy,False,43,hr
69,HR-10069,Liam,Martin,liam.martin@company.com,+1-555-483-9206,2026-04-12,,Active,Full-time,Sales Manager,,SLS,Sales,APAC,Asia Pacific,EU-WEST,Europe - West,London,BC,UK,61405.57,0.088,HRIS,HRLOAD-739,2025-09-24 04:58:31.000,3KQUfwwetkOsv5F8,False,61,hr
70,HR-10070,Elijah,Taylor,elijah.taylor@company.com,+1-555-161-2746,2018-01-17,,Active,Full-time,Sr AE,,HR,Human Resources,APAC,Asia Pacific,LATAM-SOUTH,LATAM - South,San Francisco,ON,USA,97516.28,0.0613,HRIS,HRLOAD-807,2025-09-24 04:58:31.000,I4ygabkVJ23FimLj,False,54,hr
71,HR-10071,Michael,Taylor,michael.taylor@company.com,+1-555-727-8055,2021-03-29,,Active,Full-time,AE,,SLS,Sales,NA,North America,US-WEST,United States - West,San Francisco,CA,Singapore,95469.72,0.0646,HRIS,HRLOAD-832,2025-09-24 04:58:31.000,orcM16dlMbnyVcdo,False,35,finance
72,HR-10072,Liam,Garcia,liam.garcia@company.com,+1-555-169-4980,2021-07-22,,Active,Full-time,Field Sales,,SLS,Sales,EMEA,"Europe, Middle East & Africa",EU-NORTH,Europe - North,Berlin,ON,Germany,50831.75,0.1424,HRIS,HRLOAD-122,2025-09-24 04:58:31.000,Xpkwl8sIhHxyehZv,False,36,finance
73,HR-10073,Mia,Miller,mia..miller@company..com,+1-555-449-3554,2016-04-13,,Active,Full-time,Sr AE,,SUP,Support,LATAM,Latin America,EU-NORTH,Europe - North,London,NY,Canada,35360.12,0.167,HRIS,HRLOAD-230,2025-09-24 04:58:31.000,ICXownzNKsDm1P69,False,59,hr
74,HR-10074,Jackson,Anderson,jackson.anderson@company.com,+1-555-225-9405,2024-06-01,,Active,Full-time,Field Sales,139.0,MKT,Marketing,APAC,Asia Pacific,APAC-NORTH,APAC - North,Toronto,CA,Singapore,89187.3,0.029,HRIS,HRLOAD-115,2025-09-24 04:58:31.000,yfk0tPgIwFsetohS,False,39,hr
75,HR-10075,Ethan,Gonzalez,ethan.gonzalez@company.com,+1-555-795-6757,2019-02-06,2021-09-13,Leave,Full-time,Sales Manager,,ENG,Engineering,LATAM,Latin America,LATAM-SOUTH,LATAM - South,San Francisco,SP,Canada,122992.74,0.0801,HRIS,HRLOAD-743,2025-09-24 04:58:31.000,gsqLnPzLAUjTIN6J,False,35,finance
76,HR-10076,Charlotte,Thomas,charlotte.thomas@company.com,+1-555-954-5691,2017-04-03,,Active,Contract,Sales Manager,,ENG,Engineering,APAC,Asia Pacific,EU-WEST,Europe - West,San Francisco,BC,Singapore,16342.48,0.1583,HRIS,HRLOAD-315,2025-09-24 04:58:31.000,Wv4zU9MnGv6BvFQ0,False,61,hr
77,HR-10077,Harper,Taylor,harper.taylor@company.com,+1-555-230-9020,2024-09-22,,Active,Full-time,Sr AE,,ENG,Engineering,NA,North America,APAC-SOUTH,APAC - South,San Francisco,BE,Canada,68568.42,0.1939,HRIS,HRLOAD-752,2025-09-24 04:58:31.000,oq7kvfNiQEDRaQiN,False,65,hr
78,HR-10078,Lucas,Jones,lucas.jones@company.com,+1-555-534-3772,2022-02-23,,Active,Full-time,Sr AE,,HR,Human Resources,EMEA,"Europe, Middle East & Africa",APAC-NORTH,APAC - North,London,SP,Brazil,94939.08,0.1662,HRIS,HRLOAD-217,2025-09-24 04:58:31.000,QaEc3sgt7kBJrIcD,False,52,finance
79,HR-10079,Olivia,Hernandez,olivia.hernandez@company.com,+1-555-467-2490,2024-10-15,2025-05-20,Terminated,Full-time,Field Sales,,ENG,Engineering,APAC,Asia Pacific,US-WEST,United States - West,Bengaluru,BC,USA,19638.3,0.0055,HRIS,HRLOAD-893,2025-09-24 04:58:31.000,yiw7G3QgStMxOwoi,False,44,finance
80,HR-10080,Daniel,Rodriguez,daniel.rodriguez@company.com,+1-555-512-1828,2023-11-30,,Active,Full-time,AE,,SLS,Sales,EMEA,"Europe, Middle East & Africa",US-WEST,United States - West,Sao Paulo,ON,UK,90691.23,0.1991,HRIS,HRLOAD-717,2025-09-24 04:58:31.000,KeQkB8fcBlSa01WA,False,39,hr
81,HR-10081,Olivia,Johnson,olivia.johnson@company.com,+1-555-842-3694,2017-12-23,,Active,Contract,Field Sales,,SLS,Sales,LATAM,Latin America,EU-NORTH,Europe - North,San Francisco,SP,Brazil,70604.81,0.0696,HRIS,HRLOAD-300,2025-09-24 04:58:31.000,DHGAHMjyLfYSuOJA,False,44,finance
82,HR-10082,Aiden,Jones,aiden.jones@company.com,+1-555-558-2396,2018-02-12,2022-10-23,Leave,Full-time,Sales Ops,297.0,SUP,Support,APAC,Asia Pacific,LATAM-SOUTH,LATAM - South,Singapore,ON,Germany,66597.42,0.113,HRIS,HRLOAD-505,2025-09-24 04:58:31.000,qo8mUnZOlPRoCHRT,False,58,finance
83,HR-10083,Charlotte,Williams,charlotte.williams@company.com,+1-555-831-2877,2021-09-08,,Active,Full-time,Field Sales,,SLS,Sales,LATAM,Latin America,APAC-SOUTH,APAC - South,New York,SP,Brazil,85315.35,0.1089,HRIS,HRLOAD-296,2025-09-24 04:58:31.000,IWiWdoxaKnsRA3M2,False,57,finance
84,HR-10084,Noah,Lopez,noah.lopez@company.com,+1-555-225-4920,2016-02-17,,Leave,Full-time,Inside Sales,,ENG,Engineering,EMEA,"Europe, Middle East & Africa",EU-NORTH,Europe - North,Singapore,SP,USA,100985.41,0.0707,HRIS,HRLOAD-464,2025-09-24 04:58:31.000,IXh5PplBZKhbgXlI,False,39,finance
85,HR-10085,Sofia,Gonzalez,sofia.gonzalez@company.com,+1-555-114-1405,2019-01-05,,Terminated,Full-time,Sales Ops,,SUP,Support,EMEA,"Europe, Middle East & Africa",APAC-NORTH,APAC - North,London,SP,India,61076.33,0.0063,HRIS,HRLOAD-957,2025-09-24 04:58:31.000,clYQyDj0y2Leun3K,False,23,finance
86,HR-10086,Sophia,Garcia,sophia.garcia@company.com,+1-555-421-1098,2019-12-19,,Active,Full-time,Inside Sales,,FIN,Finance,APAC,Asia Pacific,APAC-SOUTH,APAC - South,Sao Paulo,KA,Canada,5461.46,0.0919,HRIS,HRLOAD-723,2025-09-24 04:58:31.000,cjPqqFqJG79cIV2W,False,61,hr
87,HR-10087,Charlotte,Brown,charlotte.brown@company.com,+1-555-449-6941,2023-08-22,2028-06-19,Leave,Contract,Sr AE,,SUP,Support,APAC,Asia Pacific,LATAM-SOUTH,LATAM - South,Berlin,KA,Brazil,69088.82,0.0812,HRIS,HRLOAD-161,2025-09-24 04:58:31.000,RP2WF3Y9jm3PzyV5,False,58,hr
88,HR-10088,Olivia,Jones,olivia.jones@company.com,+1-555-175-4116,2019-10-26,,Active,Full-time,Inside Sales,,SUP,Support,APAC,Asia Pacific,APAC-SOUTH,APAC - South,New York,TX,Germany,72657.66,0.1975,HRIS,HRLOAD-465,2025-09-24 04:58:31.000,8QS5Ztk3HVMobcB3,False,39,hr
89,HR-10089,Sofia,Taylor,sofia.taylor@company.com,+1-555-181-2203,2016-07-18,,Active,Full-time,Sales Manager,,MKT,Marketing,NA,North America,US-EAST,United States - East,Singapore,TX,USA,25581.23,0.1074,HRIS,HRLOAD-996,2025-09-24 04:58:31.000,aubt1bELXk1XfLW9,False,46,hr
90,HR-10090,Isabella,Anderson,isabella.anderson@company.com,+1-555-728-6393,2020-08-27,,Active,Full-time,Sales Ops,10.0,SUP,Support,NA,North America,US-WEST,United States - West,London,BC,Canada,66537.86,0.1681,HRIS,HRLOAD-466,2025-09-24 04:58:31.000,YAHKIOLuTpSVWtV8,False,50,finance
91,HR-10091,James,Rodriguez,james.rodriguez@company.com,+1-555-202-6939,2021-05-02,,Active,Full-time,Inside Sales,117.0,HR,Human Resources,APAC,Asia Pacific,APAC-NORTH,APAC - North,Toronto,NY,USA,77955.59,0.0244,HRIS,HRLOAD-656,2025-09-24 04:58:31.000,FIl6wjlT5kbWp8EN,False,43,hr
92,HR-10092,Jackson,Gonzalez,jackson.gonzalez@company.com,+1-555-926-7583,2016-09-25,,Active,Full-time,AE,,SUP,Support,LATAM,Latin America,US-EAST,United States - East,Singapore,CA,Canada,70704.13,0.082,HRIS,HRLOAD-484,2025-09-24 04:58:31.000,6MnpqAomVNs9nJj1,False,38,hr
93,HR-10093,Michael,Jones,michael.jones@company.com,+1-555-265-6239,2018-10-19,,Active,Contract,Inside Sales,,SLS,Sales,APAC,Asia Pacific,EU-NORTH,Europe - North,Sao Paulo,BC,India,9255.35,0.1564,HRIS,HRLOAD-971,2025-09-24 04:58:31.000,2wW1l19sbg8a4jTg,False,31,hr
94,HR-10094,Harper,Gonzalez,harper.gonzalez@company.com,+1-555-133-4843,2019-10-06,,Terminated,Full-time,Sales Manager,,SUP,Support,NA,North America,EU-WEST,Europe - West,San Francisco,CA,Canada,63573.72,0.0463,HRIS,HRLOAD-540,2025-09-24 04:58:31.000,RTc3eg78GanHNH9G,False,52,finance
95,HR-10095,Olivia,Lopez,olivia.lopez@company.com,+1-555-370-5407,2016-03-03,,Active,Full-time,Sales Manager,23.0,MKT,Marketing,EMEA,"Europe, Middle East & Africa",LATAM-SOUTH,LATAM - South,Berlin,CA,UK,97742.26,0.1904,HRIS,HRLOAD-373,2025-09-24 04:58:31.000,aQOHIQ82Sytz8xxz,False,30,finance
96,HR-10096,Jackson,Smith,jackson.smith@company.com,+1-555-945-4250,2018-09-13,,Active,Full-time,Inside Sales,,,,EMEA,"Europe, Middle East & Africa",APAC-NORTH,APAC - North,New York,CA,Singapore,8941.2,0.1388,HRIS,HRLOAD-432,2025-09-24 04:58:31.000,QBPCJDODvHxZX1wd,False,54,hr
97,HR-10097,Isabella,Martin,isabella.martin@company.com,+1-555-371-5297,2024-08-01,,Active,Contract,Sales Ops,,ENG,Engineering,APAC,Asia Pacific,US-WEST,United States - West,Sao Paulo,KA,India,73738.93,0.1141,HRIS,HRLOAD-245,2025-09-24 04:58:31.000,eUwmkwPjPl61O4tw,False,48,finance
98,HR-10098,Noah,Wilson,noah.wilson@company.com,+1-555-633-5954,2021-11-10,,Active,Full-time,Field Sales,,SUP,Support,EMEA,"Europe, Middle East & Africa",APAC-SOUTH,APAC - South,New York,BE,UK,37860.01,0.0892,HRIS,HRLOAD-214,2025-09-24 04:58:31.000,BDXVjQwGowvxbmJd,False,32,finance
99,HR-10099,Lucas,Moore,lucas.moore@company.com,+1-555-751-9083,2021-11-21,,Active,Full-time,Sr AE,,SUP,Support,APAC,Asia Pacific,EU-NORTH,Europe - North,Berlin,TX,UK,118004.13,0.0581,HRIS,HRLOAD-899,2025-09-24 04:58:31.000,xcBwSszOYvxJ5l8S,False,44,finance
100,HR-10100,Olivia,Miller,olivia.miller@company.com,+1-555-524-9136,2021-11-23,,Active,Full-time,AE,,SLS,Sales,APAC,Asia Pacific,LATAM-SOUTH,LATAM - South,San Francisco,NY,India,70618.74,0.187,HRIS,HRLOAD-817,2025-09-24 04:58:31.000,0zD3BEFZPTycQIVV,False,155,finance
101,HR-10101,Olivia,Davis,olivia..davis@company..com,+1-555-677-8442,2018-06-02,,Active,Full-time,AE,103.0,SLS,Sales,NA,North America,APAC-NORTH,APAC - North,Singapore,SP,Brazil,9573.4,0.1382,HRIS,HRLOAD-527,2025-09-24 04:58:31.000,0izdMtl8lHGfxPsy,False,47,hr
102,HR-10102,Abigail,Johnson,abigail.johnson@company.com,+1-555-153-4399,2018-11-19,2020-03-02,Leave,Contract,Field Sales,,MKT,Marketing,APAC,Asia Pacific,EU-NORTH,Europe - North,Singapore,SP,Singapore,61678.45,0.1168,HRIS,HRLOAD-474,2025-09-24 04:58:31.000,5vCRPTae6ZcnBmm8,False,60,hr
103,HR-10103,Harper,Gonzalez,harper.gonzalez@company.com,+1-555-150-3244,2017-05-24,,Active,Contract,AE,,MKT,Marketing,LATAM,Latin America,US-EAST,United States - East,New York,SP,Canada,4702.92,0.1443,HRIS,HRLOAD-854,2025-09-24 04:58:31.000,XEPPsnZj4mgfW6zO,False,37,hr
104,HR-10104,Sebastian,Anderson,sebastian.anderson@company.com,+1-555-400-4812,2021-01-02,,Active,Full-time,Sales Manager,,SLS,Sales,LATAM,Latin America,US-EAST,United States - East,Singapore,TX,Germany,112428.45,0.0649,HRIS,HRLOAD-961,2025-09-24 04:58:31.000,n6Po8ujsORmjluyc,False,43,hr
105,HR-10105,Noah,Miller,noah.miller@company.com,+1-555-305-8942,2017-01-15,,Active,Full-time,Inside Sales,,FIN,Finance,NA,North America,EU-NORTH,Europe - North,Bengaluru,NY,Canada,19764.95,0.0542,HRIS,HRLOAD-883,2025-09-24 04:58:31.000,0o5cL7v6OduBpUlW,False,40,hr
106,HR-10106,Elizabeth,Williams,elizabeth.williams@company.com,+1-555-572-1588,2020-05-29,,Active,Full-time,Sales Ops,263.0,ENG,Engineering,LATAM,Latin America,US-WEST,United States - West,New York,ON,Singapore,86580.74,0.0831,HRIS,HRLOAD-957,2025-09-24 04:58:31.000,vxPkk6u02Djf2hEH,False,28,finance
107,HR-10107,Amelia,Anderson,amelia.anderson@company.com,+1-555-390-7614,2018-03-20,,Active,Full-time,Sales Ops,,HR,Human Resources,EMEA,"Europe, Middle East & Africa",US-EAST,United States - East,London,BC,Singapore,107583.27,0.1004,HRIS,HRLOAD-197,2025-09-24 04:58:31.000,a6EXJQoUjqbyGs3f,False,58,hr
108,HR-10108,Sophia,Davis,sophia.davis@company.com,+1-555-142-4520,2016-10-26,2017-11-30,Leave,Full-time,Sales Manager,,HR,Human Resources,EMEA,"Europe, Middle East & Africa",APAC-NORTH,APAC - North,London,BE,Germany,13080.35,0.1518,HRIS,HRLOAD-706,2025-09-24 04:58:31.000,5a6zzfpTQjvimnu8,False,21,finance
109,HR-10109,Elizabeth,Thomas,elizabeth.thomas@company.com,+1-555-740-1824,2023-02-19,2028-07-16,Terminated,Full-time,Inside Sales,,HR,Human Resources,NA,North America,EU-WEST,Europe - West,Toronto,NY,Singapore,89093.32,0.0698,HRIS,HRLOAD-266,2025-09-24 04:58:31.000,XEVEqRsdCWQkxN6F,False,58,hr
110,HR-10110,James,Brown,james.brown@company.com,+1-555-342-9071,2022-04-19,,Active,Full-time,Sr AE,,SUP,Support,NA,North America,LATAM-SOUTH,LATAM - South,San Francisco,ON,Singapore,97061,0.1587,HRIS,HRLOAD-799,2025-09-24 04:58:31.000,Vvx6oPXP4AssL62D,False,47,hr
111,HR-10111,Benjamin,Martinez,benjamin.martinez@company.com,+1-555-734-1533,2021-03-23,,Active,Full-time,Sales Ops,,SUP,Support,LATAM,Latin America,US-EAST,United States - East,New York,BE,Canada,87141.2,0.0884,HRIS,HRLOAD-776,2025-09-24 04:58:31.000,HonMx3yujkvY27tt,False,53,hr
112,HR-10112,Elizabeth,Martin,elizabeth.martin@company.com,+1-555-206-5028,2017-12-19,,Active,Full-time,Field Sales,,MKT,Marketing,EMEA,"Europe, Middle East & Africa",LATAM-SOUTH,LATAM - South,Bengaluru,KA,Singapore,15108.86,0.1105,HRIS,HRLOAD-982,2025-09-24 04:58:31.000,UPiUpzFuqssRQ6Yd,False,62,hr
113,HR-10113,Aiden,Thomas,aiden.thomas@company.com,+1-555-418-9396,2017-05-02,2020-05-22,Leave,Contract,AE,,SLS,Sales,APAC,Asia Pacific,APAC-SOUTH,APAC - South,Sao Paulo,CA,Germany,60896.59,0.0014,HRIS,HRLOAD-377,2025-09-24 04:58:31.000,iKJcyUNrVsHA8OXP,False,45,hr
114,HR-10114,Aiden,Lopez,aiden.lopez@company.com,+1-555-455-3291,2021-12-20,,Active,Full-time,Sales Ops,,MKT,Marketing,APAC,Asia Pacific,EU-NORTH,Europe - North,San Francisco,TX,Germany,91601.35,0.0341,HRIS,HRLOAD-419,2025-09-24 04:58:31.000,4K8WwQq3DM5yQwtX,False,51,hr
115,HR-10115,Isabella,Brown,isabella.brown@company.com,+1-555-145-3491,2024-09-24,,Leave,Full-time,Sales Ops,,FIN,Finance,EMEA,"Europe, Middle East & Africa",APAC-NORTH,APAC - North,Sao Paulo,ON,Brazil,12175.5,0.0783,HRIS,HRLOAD-834,2025-09-24 04:58:31.000,4GrNqVcZJv6qpeIU,False,64,finance
116,HR-10116,Daniel,Wilson,daniel.wilson@company.com,+1-555-808-2930,2024-04-28,,Active,Full-time,Sales Manager,,MKT,Marketing,NA,North America,EU-NORTH,Europe - North,Toronto,KA,UK,50108.4,0.1611,HRIS,HRLOAD-458,2025-09-24 04:58:31.000,1SiTz5rnQ5eaJoAn,False,38,finance
117,HR-10117,Elizabeth,Jones,elizabeth.jones@company.com,+1-555-860-7241,2016-05-17,,Active,Contract,Sr AE,,ENG,Engineering,EMEA,"Europe, Middle East & Africa",US-EAST,United States - East,London,ON,India,110551.68,0.1424,HRIS,HRLOAD-890,2025-09-24 04:58:31.000,LZqnnfP8XwReZuaN,False,29,finance
118,HR-10118,Harper,Rodriguez,harper.rodriguez@company.com,+1-555-947-8660,2022-01-12,,Active,Full-time,Sales Ops,115.0,HR,Human Resources,NA,North America,EU-WEST,Europe - West,Bengaluru,KA,Germany,66683.12,0.0461,HRIS,HRLOAD-669,2025-09-24 04:58:31.000,Xm0YHbWbFAdNSKyF,False,58,finance
119,HR-10119,Logan,Davis,logan.davis@company.com,+1-555-757-8829,2016-10-19,,Active,Contract,Sales Ops,,SUP,Support,NA,North America,LATAM-SOUTH,LATAM - South,Toronto,SP,Singapore,108646.6,0.1235,HRIS,HRLOAD-295,2025-09-24 04:58:31.000,vlyrmTGBmRmqIR8U,False,22,finance
120,HR-10120,Emily,Martin,emily.martin@company.com,+1-555-839-9810,2023-03-12,,Active,Full-time,Sr AE,,SUP,Support,NA,North America,US-WEST,United States - West,Singapore,TX,India,78867.39,0.1983,HRIS,HRLOAD-413,2025-09-24 04:58:31.000,gTQAbSVv1w2Efut3,False,29,hr
121,HR-10121,Sofia,Brown,sofia.brown@company.com,+1-555-827-5559,2018-03-01,,Active,Full-time,Sr AE,,FIN,Finance,APAC,Asia Pacific,APAC-NORTH,APAC - North,Toronto,ON,Canada,100424.3,0.1683,HRIS,HRLOAD-237,2025-09-24 04:58:31.000,igTGbY8fWmJ41uIC,False,61,hr
122,HR-10122,Jackson,Miller,jackson.miller@company.com,+1-555-998-3068,2022-08-18,,Active,Full-time,Inside Sales,,MKT,Marketing,NA,North America,US-EAST,United States - East,Sao Paulo,SP,India,73264.45,0.1273,HRIS,HRLOAD-823,2025-09-24 04:58:31.000,4VJS1kO19SD2LhEx,False,65,finance
123,HR-10123,Mason,Davis,mason.davis@company.com,+1-555-196-4278,2024-04-25,2026-03-22,Leave,Full-time,Sales Manager,,HR,Human Resources,NA,North America,EU-WEST,Europe - West,San Francisco,SP,USA,51237.93,0.1882,HRIS,HRLOAD-324,2025-09-24 04:58:31.000,WcIJzcDD7V2fiGMu,False,53,finance
124,HR-10124,Elizabeth,Gonzalez,elizabeth.gonzalez@company.com,+1-555-734-9806,2022-04-19,,Active,Full-time,Sales Ops,28.0,SLS,Sales,NA,North America,US-WEST,United States - West,Bengaluru,SP,UK,83484.43,0.112,HRIS,HRLOAD-313,2025-09-24 04:58:31.000,bZYChOmAg8HvfT00,False,27,hr
125,HR-10125,Olivia,Lopez,olivia.lopez@company.com,+1-555-887-4146,2019-10-03,,Active,Full-time,Inside Sales,39.0,SUP,Support,APAC,Asia Pacific,EU-NORTH,Europe - North,San Francisco,NY,Singapore,86095.5,0.1198,HRIS,HRLOAD-632,2025-09-24 04:58:31.000,x85JnVUebdTPi4Xd,False,60,hr
126,HR-10126,Lucas,Anderson,lucas.anderson@company.com,+1-555-432-7263,2016-04-26,,Active,Full-time,Inside Sales,227.0,MKT,Marketing,APAC,Asia Pacific,APAC-SOUTH,APAC - South,London,SP,Brazil,77765.82,0.1507,HRIS,HRLOAD-868,2025-09-24 04:58:31.000,Urpzbo25uVW3XGgZ,False,41,hr
127,HR-10127,Logan,Hernandez,logan.hernandez@company.com,+1-555-651-5013,2021-12-14,2026-03-21,Terminated,Full-time,AE,,HR,Human Resources,APAC,Asia Pacific,US-WEST,United States - West,Toronto,NY,Singapore,28484.64,0.0575,HRIS,HRLOAD-113,2025-09-24 04:58:31.000,SAh6LMk6ryv7f1NM,False,62,finance
128,HR-10128,Henry,Jackson,henry.jackson@company.com,+1-555-165-2096,2016-11-15,,Active,Full-time,Sales Ops,,SLS,Sales,EMEA,"Europe, Middle East & Africa",APAC-SOUTH,APAC - South,New York,KA,USA,20067.85,0.0226,HRIS,HRLOAD-605,2025-09-24 04:58:31.000,OF25B3pyRk921Cum,False,45,finance
129,HR-10129,Daniel,Davis,daniel.davis@company.com,+1-555-965-4112,2016-02-10,,Active,Full-time,Inside Sales,46.0,MKT,Marketing,NA,North America,LATAM-SOUTH,LATAM - South,London,BE,Singapore,34565.73,0.0091,HRIS,HRLOAD-592,2025-09-24 04:58:31.000,g8xOJnea0i7wSiWp,False,44,hr
130,HR-10130,Elijah,Taylor,elijah.taylor@company.com,+1-555-130-4669,2024-07-29,,Active,Full-time,Sr AE,,MKT,Marketing,NA,North America,LATAM-SOUTH,LATAM - South,Berlin,ON,Brazil,46841.94,0.1283,HRIS,HRLOAD-583,2025-09-24 04:58:31.000,qagxwrDEgIEzE54A,False,24,finance
131,HR-10131,Noah,Miller,noah.miller@company.com,+1-555-158-2171,2022-03-22,,Active,Contract,Field Sales,,SUP,Support,NA,North America,EU-NORTH,Europe - North,Sao Paulo,BC,India,76337.07,0.2,HRIS,HRLOAD-978,2025-09-24 04:58:31.000,xdAdGFtgDD6WiYNg,False,38,hr
132,HR-10132,Abigail,Lopez,abigail.lopez@company.com,+1-555-742-9432,2016-02-14,,Active,Full-time,Field Sales,,ENG,Engineering,NA,North America,US-WEST,United States - West,Sao Paulo,CA,India,80811.44,0.1545,HRIS,HRLOAD-780,2025-09-24 04:58:31.000,LOiX6T1w3loL3fnc,False,49,hr
133,HR-10133,Emma,Miller,emma..miller@company..com,+1-555-795-3706,2016-04-12,,Active,Full-time,Sales Ops,248.0,SUP,Support,APAC,Asia Pacific,APAC-SOUTH,APAC - South,Berlin,NY,UK,47845.49,0.1707,HRIS,HRLOAD-860,2025-09-24 04:58:31.000,E9MnZm9Co7tzvPbx,False,31,hr
134,HR-10134,Mason,Smith,mason.smith@company.com,+1-555-495-3255,2023-12-25,,Active,Full-time,Sales Ops,,SUP,Support,EMEA,"Europe, Middle East & Africa",APAC-NORTH,APAC - North,New York,BE,UK,20897.9,0.0274,HRIS,HRLOAD-634,2025-09-24 04:58:31.000,itUkAeYWpJnjU8Sf,False,48,finance
135,HR-10135,Daniel,Brown,daniel.brown@company.com,+1-555-530-2201,2017-07-20,,Active,Full-time,Inside Sales,,SLS,Sales,NA,North America,EU-NORTH,Europe - North,Bengaluru,NY,UK,32249.48,0.1316,HRIS,HRLOAD-700,2025-09-24 04:58:31.000,QwGIBKpx17Nz7pYR,False,24,hr
136,HR-10136,Benjamin,Thomas,benjamin.thomas@company.com,+1-555-826-3953,2024-07-13,,Active,Full-time,AE,,SUP,Support,EMEA,"Europe, Middle East & Africa",APAC-SOUTH,APAC - South,Singapore,BC,UK,13674.05,0.1942,HRIS,HRLOAD-655,2025-09-24 04:58:31.000,z73oTwPVhnnqcizA,False,25,hr
137,HR-10137,Aiden,Jackson,aiden.jackson@company.com,+1-555-422-3874,2020-11-25,,Active,Full-time,Sales Ops,,HR,Human Resources,LATAM,Latin America,EU-NORTH,Europe - North,San Francisco,TX,UK,47364.79,0.1925,HRIS,HRLOAD-885,2025-09-24 04:58:31.000,sImpKVw0OkeCPVc3,False,59,hr
138,HR-10138,James,Wilson,james.wilson@company.com,+1-555-278-5343,2018-10-16,2020-08-16,Leave,Full-time,AE,,SLS,Sales,APAC,Asia Pacific,US-WEST,United States - West,Berlin,CA,USA,16707.32,0.1869,HRIS,HRLOAD-303,2025-09-24 04:58:31.000,juGtzDqdfkfMRqXT,False,42,hr
139,HR-10139,Evelyn,Thomas,evelyn.thomas@company.com,+1-555-834-1272,2023-10-08,2025-12-20,Leave,Full-time,Sales Ops,,HR,Human Resources,EMEA,"Europe, Middle East & Africa",US-EAST,United States - East,New York,SP,USA,10876.51,0.0304,HRIS,HRLOAD-912,2025-09-24 04:58:31.000,RXXofPJilKgNoqAH,False,24,finance
140,HR-10140,Ava,Davis,ava.davis@company.com,+1-555-729-4151,2021-02-03,,Active,Full-time,Inside Sales,,HR,Human Resources,NA,North America,US-EAST,United States - East,Berlin,BE,Singapore,110828.06,0.0262,HRIS,HRLOAD-163,2025-09-24 04:58:31.000,oVZS7XttSdLfdFj5,False,36,finance
141,HR-10141,Harper,Smith,harper.smith@company.com,+1-555-833-8806,2023-09-09,,Active,Contract,Sales Ops,,SLS,Sales,EMEA,"Europe, Middle East & Africa",EU-NORTH,Europe - North,New York,NY,Singapore,11406.45,0.0774,HRIS,HRLOAD-595,2025-09-24 04:58:31.000,eXFB06zRHWStdVf5,False,29,hr
142,HR-10142,Liam,Moore,liam.moore@company.com,+1-555-972-6583,2016-10-07,,Active,Full-time,Sales Manager,,FIN,Finance,??,"Europe, Middle East & Africa",US-WEST,United States - West,New York,TX,UK,86693.62,0.1432,HRIS,HRLOAD-853,2025-09-24 04:58:31.000,drVigekGZkkVAuhp,False,56,hr
143,HR-10143,Noah,Williams,noah.williams@company.com,+1-555-930-5730,2022-10-10,,Active,Contract,Field Sales,,ENG,Engineering,APAC,Asia Pacific,APAC-SOUTH,APAC - South,Toronto,BC,Singapore,97487.17,0.1498,HRIS,HRLOAD-602,2025-09-24 04:58:31.000,gYvppD9j0tkUvlzY,False,35,finance
144,HR-10144,Charlotte,Lopez,charlotte.lopez@company.com,+1-555-333-6206,2019-09-01,,Active,Full-time,Sales Ops,,SUP,Support,NA,North America,LATAM-SOUTH,LATAM - South,Bengaluru,KA,Germany,47957.91,0.0706,HRIS,HRLOAD-487,2025-09-24 04:58:31.000,r6aPUVJ4YNd3kjtF,False,41,finance
145,HR-10145,Mia,Wilson,mia.wilson@company.com,+1-555-453-3828,2016-08-12,,Active,Full-time,Sales Ops,,MKT,Marketing,APAC,Asia Pacific,US-EAST,United States - East,London,CA,Brazil,107418.6,0.1096,HRIS,HRLOAD-566,2025-09-24 04:58:31.000,6DCUZTwdh23bwMEd,False,50,finance
146,HR-10146,Henry,Gonzalez,henry.gonzalez@company.com,+1-555-581-6218,2022-06-20,,Active,Full-time,Field Sales,,FIN,Finance,APAC,Asia Pacific,LATAM-SOUTH,LATAM - South,Bengaluru,KA,India,112744.51,0.12,HRIS,HRLOAD-949,2025-09-24 04:58:31.000,3eBa7omH5O1OJCJb,False,29,finance
147,HR-10147,Logan,Williams,logan.williams@company.com,+1-555-912-1946,2018-06-29,,Active,Full-time,Sales Ops,,SUP,Support,EMEA,"Europe, Middle East & Africa",APAC-NORTH,APAC - North,Toronto,TX,UK,79433.44,0.0154,HRIS,HRLOAD-526,2025-09-24 04:58:31.000,msuTlHFPi79IXl4I,False,28,hr
148,HR-10148,Sofia,Jackson,sofia.jackson@company.com,+1-555-829-4524,2024-01-05,,Active,Contract,Sr AE,,SLS,Sales,APAC,Asia Pacific,US-WEST,United States - West,London,BC,Canada,21384.91,0.0877,HRIS,HRLOAD-131,2025-09-24 04:58:31.000,ALqrAFDfavSUopGk,False,59,hr
149,HR-10149,Elijah,Miller,elijah.miller@company.com,+1-555-623-1861,2020-10-04,,Active,Full-time,Sales Manager,,FIN,Finance,NA,North America,APAC-SOUTH,APAC - South,San Francisco,SP,Brazil,13360.64,0.0139,HRIS,HRLOAD-915,2025-09-24 04:58:31.000,IztknHzS9o1wBtNB,False,30,hr
150,HR-10150,Sophia,Jackson,sophia.jackson@company.com,+1-555-887-8966,2020-12-06,,Active,Full-time,Inside Sales,,HR,Human Resources,APAC,Asia Pacific,US-WEST,United States - West,Bengaluru,SP,India,26754.65,0.1184,HRIS,HRLOAD-248,2025-09-24 04:58:31.000,FovxegTuR0OCZHcW,False,51,hr
151,HR-10151,Ethan,Taylor,ethan.taylor@company.com,+1-555-852-1064,2024-05-16,,Active,Full-time,Inside Sales,,HR,Human Resources,LATAM,Latin America,EU-WEST,Europe - West,London,KA,Singapore,105188.99,0.1582,HRIS,HRLOAD-704,2025-09-24 04:58:31.000,JnXjIOri48MYBrGb,False,56,hr
152,HR-10152,James,Hernandez,james.hernandez@company.com,+1-555-977-5269,2024-10-24,,Active,Full-time,Inside Sales,199.0,SUP,Support,LATAM,Latin America,US-WEST,United States - West,New York,KA,Brazil,112556.79,0.1078,HRIS,HRLOAD-382,2025-09-24 04:58:31.000,3rE6xenTitnBh84g,False,30,hr
153,HR-10153,James,Moore,james.moore@company.com,+1-555-495-7917,2021-07-28,,Leave,Full-time,Field Sales,92.0,MKT,Marketing,NA,North America,LATAM-SOUTH,LATAM - South,London,BE,USA,13092.73,0.0321,HRIS,HRLOAD-139,2025-09-24 04:58:31.000,bRNgklLP8w8Aypo8,False,64,finance
154,HR-10154,Sebastian,Garcia,sebastian.garcia@company.com,+1-555-642-1549,2020-12-29,,Active,Full-time,Inside Sales,,MKT,Marketing,EMEA,"Europe, Middle East & Africa",US-EAST,United States - East,San Francisco,SP,UK,108764.99,0.1202,HRIS,HRLOAD-445,2025-09-24 04:58:31.000,OFjcWGEQjOF5R60w,False,63,finance
155,HR-10155,Sophia,Jackson,sophia.jackson@company.com,+1-555-729-3642,2022-07-03,,Active,Full-time,Field Sales,,ENG,Engineering,LATAM,Latin America,APAC-SOUTH,APAC - South,Toronto,BC,Germany,122221.37,0.0422,HRIS,HRLOAD-780,2025-09-24 04:58:31.000,WY9QtUqLj1Er5f5U,False,30,hr
156,HR-10156,Logan,Williams,logan.williams@company.com,+1-555-703-3188,2016-12-23,,Active,Contract,Sales Ops,142.0,,,LATAM,Latin America,EU-NORTH,Europe - North,New York,ON,UK,108911.09,0.1619,HRIS,HRLOAD-183,2025-09-24 04:58:31.000,TOgESnOrw569AJYV,False,50,finance
157,HR-10157,Henry,Hernandez,henry.hernandez@company.com,+1-555-402-1876,2017-08-16,,Terminated,Full-time,Field Sales,,ENG,Engineering,LATAM,Latin America,APAC-SOUTH,APAC - South,London,KA,Singapore,105159.02,0.1716,HRIS,HRLOAD-365,2025-09-24 04:58:31.000,YcDf03cCDSTv5liY,False,28,finance
158,HR-10158,Henry,Garcia,henry.garcia@company.com,+1-555-162-4623,2024-10-23,2026-10-24,Terminated,Full-time,Sr AE,155.0,MKT,Marketing,APAC,Asia Pacific,EU-NORTH,Europe - North,New York,ON,India,77956.49,0.1936,HRIS,HRLOAD-317,2025-09-24 04:58:31.000,g4XQUoCZ75jQIzki,False,51,finance
159,HR-10159,Aiden,Thomas,aiden.thomas@company.com,+1-555-436-3656,2022-08-11,,Active,Full-time,AE,,SUP,Support,APAC,Asia Pacific,APAC-NORTH,APAC - North,New York,KA,UK,118173.32,0.1963,HRIS,HRLOAD-243,2025-09-24 04:58:31.000,EruJlVtC7CwW6RD5,False,33,hr
160,HR-10160,James,Garcia,james.garcia@company.com,+1-555-826-2054,2018-09-27,,Active,Contract,Sr AE,,HR,Human Resources,APAC,Asia Pacific,US-EAST,United States - East,Berlin,NY,Canada,64790.03,0.1325,HRIS,HRLOAD-871,2025-09-24 04:58:31.000,ZPQ59QSadA8tJaz3,False,58,finance
161,HR-10161,James,Garcia,james.garcia@company.com,+1-555-373-9446,2018-05-12,,Terminated,Full-time,Sr AE,,MKT,Marketing,NA,North America,APAC-NORTH,APAC - North,Toronto,ON,Singapore,6226.57,0.1193,HRIS,HRLOAD-814,2025-09-24 04:58:31.000,8gUqjwP799MOjTIw,False,44,finance
162,HR-10162,Isabella,Moore,isabella.moore@company.com,+1-555-227-3622,2024-12-24,,Active,Full-time,Sr AE,,MKT,Marketing,EMEA,"Europe, Middle East & Africa",US-EAST,United States - East,New York,SP,UK,58599.42,0.15,HRIS,HRLOAD-844,2025-09-24 04:58:31.000,dAoUoZofDyuVnPZC,False,53,finance
163,HR-10163,Mason,Johnson,mason..johnson@company..com,+1-555-446-2291,2016-12-29,,Active,Full-time,Inside Sales,,SLS,Sales,EMEA,"Europe, Middle East & Africa",US-EAST,United States - East,Bengaluru,NY,India,96477.63,0.0894,HRIS,HRLOAD-802,2025-09-24 04:58:31.000,jsu4RAkch0OjMdFu,False,27,finance
164,HR-10164,Evelyn,Miller,evelyn.miller@company.com,+1-555-193-4934,2021-02-02,,Active,Full-time,Sales Manager,,MKT,Marketing,LATAM,Latin America,US-EAST,United States - East,San Francisco,BC,Singapore,50804.64,0.0397,HRIS,HRLOAD-189,2025-09-24 04:58:31.000,HrwpPucz0efdlqMx,False,64,hr
165,HR-10165,Aiden,Rodriguez,aiden.rodriguez@company.com,+1-555-703-8758,2016-09-16,,Active,Full-time,Field Sales,35.0,ENG,Engineering,EMEA,"Europe, Middle East & Africa",US-WEST,United States - West,Sao Paulo,ON,Canada,82198.42,0.005,HRIS,HRLOAD-289,2025-09-24 04:58:31.000,J8cSXgtdKSvRwSr8,False,174,finance
166,HR-10166,Elijah,Smith,elijah.smith@company.com,+1-555-774-5270,2017-09-28,,Active,Full-time,Sales Manager,,HR,Human Resources,EMEA,"Europe, Middle East & Africa",US-WEST,United States - West,New York,ON,USA,83579.91,0.0007,HRIS,HRLOAD-143,2025-09-24 04:58:31.000,2fsK0UI5B7W0HtmT,False,29,hr
167,HR-10167,Ethan,Lopez,ethan.lopez@company.com,+1-555-540-4038,2020-09-11,,Active,Full-time,Sales Manager,151.0,SUP,Support,EMEA,"Europe, Middle East & Africa",APAC-NORTH,APAC - North,Bengaluru,NY,Brazil,78405.64,0.0892,HRIS,HRLOAD-483,2025-09-24 04:58:31.000,Gp5FxsyRYDTnCwsw,False,44,finance
168,HR-10168,Emily,Miller,emily.miller@company.com,+1-555-810-1274,2020-02-09,,Active,Full-time,Sales Manager,,FIN,Finance,EMEA,"Europe, Middle East & Africa",LATAM-SOUTH,LATAM - South,San Francisco,KA,Germany,52155.51,0.0875,HRIS,HRLOAD-722,2025-09-24 04:58:31.000,GP7XougXTEwqES30,False,49,finance
169,HR-10169,Lucas,Wilson,lucas.wilson@company.com,+1-555-162-5020,2019-02-24,,Active,Full-time,Sales Manager,,MKT,Marketing,EMEA,"Europe, Middle East & Africa",EU-NORTH,Europe - North,London,CA,UK,53884.04,0.0305,HRIS,HRLOAD-903,2025-09-24 04:58:31.000,xh3ByKpbyxaxVuQM,False,33,hr
170,HR-10170,Sophia,Smith,sophia.smith@company.com,+1-555-338-8721,2018-09-12,,Active,Full-time,Sr AE,,SLS,Sales,EMEA,"Europe, Middle East & Africa",EU-NORTH,Europe - North,Singapore,NY,USA,71595.36,0.1032,HRIS,HRLOAD-970,2025-09-24 04:58:31.000,LFhntzw3h9o1pKxc,False,56,hr
171,HR-10171,Elizabeth,Martinez,elizabeth.martinez@company.com,+1-555-489-8568,2023-06-10,,Active,Full-time,Field Sales,,ENG,Engineering,APAC,Asia Pacific,EU-WEST,Europe - West,London,SP,India,117749.52,0.032,HRIS,HRLOAD-207,2025-09-24 04:58:31.000,8VU62t2Qe4lazC4v,False,44,finance
172,HR-10172,Sebastian,Garcia,sebastian.garcia@company.com,+1-555-314-4612,2022-01-25,,Active,Full-time,Field Sales,,HR,Human Resources,NA,North America,APAC-NORTH,APAC - North,Singapore,KA,India,76778.4,0.1127,HRIS,HRLOAD-390,2025-09-24 04:58:31.000,VMS0w9NiPhkb3na9,False,33,finance
173,HR-10173,Abigail,Moore,abigail.moore@company.com,+1-555-268-7143,2021-02-15,,Active,Full-time,Inside Sales,,FIN,Finance,LATAM,Latin America,EU-NORTH,Europe - North,San Francisco,CA,UK,29365.3,0.1921,HRIS,HRLOAD-798,2025-09-24 04:58:31.000,ycHXHeklYFRVO1sH,False,51,hr
174,HR-10174,Emily,Martin,emily.martin@company.com,+1-555-906-4640,2022-12-01,,Active,Full-time,Inside Sales,,SUP,Support,NA,North America,US-EAST,United States - East,Singapore,TX,Brazil,105329.93,0.0987,HRIS,HRLOAD-663,2025-09-24 04:58:31.000,8YOgLc58Tq0kZGa3,False,49,finance
175,HR-10175,Olivia,Anderson,olivia.anderson@company.com,+1-555-126-3157,2022-10-07,,Active,Full-time,Sr AE,,MKT,Marketing,EMEA,"Europe, Middle East & Africa",LATAM-SOUTH,LATAM - South,New York,NY,USA,77898.04,0.0242,HRIS,HRLOAD-263,2025-09-24 04:58:31.000,RPsTfm7L8Iadrt6O,False,51,finance
176,HR-10176,Benjamin,Martin,benjamin.martin@company.com,+1-555-949-4222,2021-02-10,,Active,Full-time,Sales Ops,,ENG,Engineering,EMEA,"Europe, Middle East & Africa",EU-WEST,Europe - West,Berlin,BE,Germany,92382.33,0.1662,HRIS,HRLOAD-353,2025-09-24 04:58:31.000,iscfBXCvEMVXRyjE,False,63,finance
177,HR-10177,Mia,Garcia,mia.garcia@company.com,+1-555-461-2545,2018-03-21,2020-02-28,Terminated,Full-time,Field Sales,,MKT,Marketing,EMEA,"Europe, Middle East & Africa",EU-WEST,Europe - West,Singapore,NY,UK,36828.03,0.1187,HRIS,HRLOAD-961,2025-09-24 04:58:31.000,nBaXpZILMhWs1WQY,False,48,hr
178,HR-10178,Daniel,Wilson,daniel..wilson@company..com,+1-555-425-4623,2017-09-02,,Active,Full-time,Sr AE,,SLS,Sales,EMEA,"Europe, Middle East & Africa",LATAM-SOUTH,LATAM - South,Toronto,ON,Germany,20869.52,0.0366,HRIS,HRLOAD-691,2025-09-24 04:58:31.000,0jKlOEg82B3OgA09,False,61,hr
179,HR-10179,Emily,Martin,emily.martin@company.com,+1-555-758-3582,2016-09-24,,Active,Full-time,Sales Manager,,MKT,Marketing,EMEA,"Europe, Middle East & Africa",APAC-NORTH,APAC - North,London,BE,India,100497.3,0.1603,HRIS,HRLOAD-161,2025-09-24 04:58:31.000,01dpfpfEpsCxWShn,False,21,hr
180,HR-10180,Noah,Hernandez,noah.hernandez@company.com,+1-555-459-1600,2018-05-06,,Active,Contract,Field Sales,,ENG,Engineering,NA,North America,EU-WEST,Europe - West,Toronto,ON,Singapore,114729.8,0.0785,HRIS,HRLOAD-419,2025-09-24 04:58:31.000,zMYUPKGUrZ4Yndn7,False,36,finance
181,HR-10181,James,Taylor,james.taylor@company.com,+1-555-599-3585,2016-02-06,2020-02-29,Leave,Full-time,Inside Sales,,ENG,Engineering,NA,North America,US-WEST,United States - West,Sao Paulo,TX,Brazil,39027.06,0.1425,HRIS,HRLOAD-845,2025-09-24 04:58:31.000,5iyasxSGoedecsXQ,False,31,hr
182,HR-10182,Noah,Williams,noah.williams@company.com,+1-555-857-7798,2022-11-28,2026-04-07,Terminated,Full-time,Sales Manager,,SLS,Sales,NA,North America,EU-NORTH,Europe - North,New York,SP,Germany,61453.43,0.0888,HRIS,HRLOAD-209,2025-09-24 04:58:31.000,Ao8tOZyUrgcB2mBV,False,38,hr
183,HR-10183,Ethan,Jones,ethan.jones@company.com,+1-555-134-8280,2022-04-16,2023-04-18,Leave,Full-time,Inside Sales,,MKT,Marketing,EMEA,"Europe, Middle East & Africa",EU-WEST,Europe - West,Bengaluru,SP,Singapore,94540.99,0.0205,HRIS,HRLOAD-919,2025-09-24 04:58:31.000,gsSbxhDajnffmGiY,False,47,hr
184,HR-10184,Harper,Rodriguez,harper.rodriguez@company.com,+1-555-518-6002,2023-05-12,,Active,Full-time,Sales Ops,,SLS,Sales,EMEA,"Europe, Middle East & Africa",EU-NORTH,Europe - North,New York,NY,UK,10681.23,0.1387,HRIS,HRLOAD-701,2025-09-24 04:58:31.000,Z1QrJbCuINFfGvwt,False,53,finance
185,HR-10185,Lucas,Martinez,lucas.martinez@company.com,+1-555-544-8620,2018-09-14,,Active,Contract,Sales Ops,,FIN,Finance,APAC,Asia Pacific,US-EAST,United States - East,Berlin,TX,India,80721.17,0.1619,HRIS,HRLOAD-671,2025-09-24 04:58:31.000,apRwQ5ykOsXlNGA3,False,46,hr
186,HR-10186,Mia,Wilson,mia.wilson@company.com,+1-555-512-7550,2019-03-16,,Active,Contract,Sales Manager,,ENG,Engineering,EMEA,"Europe, Middle East & Africa",EU-NORTH,Europe - North,Berlin,ON,Canada,118783.99,0.1555,HRIS,HRLOAD-669,2025-09-24 04:58:31.000,C0oUS6Z2qWDtwX00,False,63,finance
187,HR-10187,Elijah,Garcia,elijah.garcia@company.com,+1-555-637-3535,2017-02-23,,Active,Full-time,Sales Ops,283.0,HR,Human Resources,NA,North America,US-EAST,United States - East,Berlin,KA,Brazil,37632.16,0.0164,HRIS,HRLOAD-310,2025-09-24 04:58:31.000,yaBxa1xa7opbgSKF,False,36,finance
188,HR-10188,Harper,Martinez,harper.martinez@company.com,+1-555-705-1344,2017-05-25,,Terminated,Contract,Sales Ops,,SUP,Support,EMEA,"Europe, Middle East & Africa",US-WEST,United States - West,Sao Paulo,TX,Brazil,50830.91,0.179,HRIS,HRLOAD-573,2025-09-24 04:58:31.000,qylRJWML5YJu5xgu,False,62,finance
189,HR-10189,Isabella,Rodriguez,isabella.rodriguez@company.com,+1-555-425-2798,2022-05-09,,Active,Full-time,Field Sales,,HR,Human Resources,LATAM,Latin America,LATAM-SOUTH,LATAM - South,London,NY,Canada,92148.33,0.1355,HRIS,HRLOAD-823,2025-09-24 04:58:31.000,hiEu69BXNk8keCbD,False,47,hr
190,HR-10190,Evelyn,Williams,evelyn.williams@company.com,+1-555-745-9052,2019-06-02,,Active,Full-time,AE,,MKT,Marketing,LATAM,Latin America,US-EAST,United States - East,San Francisco,CA,Germany,7475.58,0.1576,HRIS,HRLOAD-541,2025-09-24 04:58:31.000,muafdAZR7ZKJaxqM,False,25,finance
191,HR-10191,Aiden,Moore,aiden.moore@company.com,+1-555-542-9267,2024-03-15,,Active,Full-time,AE,,FIN,Finance,LATAM,Latin America,US-WEST,United States - West,New York,SP,Brazil,95019.02,0.1695,HRIS,HRLOAD-411,2025-09-24 04:58:31.000,c2Pr5Z3pJxsVMuH5,False,57,hr
192,HR-10192,Mia,Jackson,mia.jackson@company.com,+1-555-738-8831,2017-08-22,,Active,Full-time,Sales Ops,,FIN,Finance,NA,North America,EU-WEST,Europe - West,San Francisco,BE,Singapore,4670.58,0.0641,HRIS,HRLOAD-997,2025-09-24 04:58:31.000,RVp4kqTZUS8VMiXY,False,27,hr
193,HR-10193,Mason,Anderson,mason.anderson@company.com,+1-555-395-7073,2024-09-05,,Active,Full-time,Field Sales,139.0,MKT,Marketing,LATAM,Latin America,EU-NORTH,Europe - North,Sao Paulo,CA,USA,22580.56,0.1682,HRIS,HRLOAD-506,2025-09-24 04:58:31.000,ZQUuex5Hc20CUEZh,False,30,finance
194,HR-10194,Elizabeth,Martinez,elizabeth.martinez@company.com,+1-555-548-9546,2024-09-01,,Active,Full-time,Inside Sales,,SLS,Sales,EMEA,"Europe, Middle East & Africa",US-WEST,United States - West,Singapore,TX,Canada,40624.36,0.1367,HRIS,HRLOAD-800,2025-09-24 04:58:31.000,jPBXLlMxjRb2msau,False,39,finance
195,HR-10195,Michael,Anderson,michael.anderson@company.com,+1-555-312-2202,2017-10-24,,Active,Contract,AE,,SLS,Sales,EMEA,"Europe, Middle East & Africa",EU-WEST,Europe - West,San Francisco,NY,Singapore,51147.82,0.0251,HRIS,HRLOAD-564,2025-09-24 04:58:31.000,P2zBbvpWSWGRhxsr,False,28,hr
196,HR-10196,Sophia,Wilson,sophia.wilson@company.com,+1-555-191-2944,2021-05-22,2025-06-04,Leave,Full-time,Sr AE,,SUP,Support,APAC,Asia Pacific,EU-WEST,Europe - West,Sao Paulo,ON,Germany,62340.62,0.079,HRIS,HRLOAD-337,2025-09-24 04:58:31.000,FVjA9Dx03xhNT5Ot,False,53,finance
197,HR-10197,Emma,Martinez,emma.martinez@company.com,+1-555-242-3838,2022-08-11,2026-08-22,Terminated,Contract,Inside Sales,,FIN,Finance,APAC,Asia Pacific,EU-WEST,Europe - West,San Francisco,ON,Singapore,121907.02,0.005,HRIS,HRLOAD-968,2025-09-24 04:58:31.000,HE22Ab9TRQfN9tmx,False,63,hr
198,HR-10198,Jackson,Anderson,jackson.anderson@company.com,+1-555-697-8327,2017-04-15,,Active,Full-time,AE,,FIN,Finance,LATAM,Latin America,EU-NORTH,Europe - North,Toronto,KA,India,53172.48,0.0344,HRIS,HRLOAD-741,2025-09-24 04:58:31.000,KHAptEB8ImdjvW3o,False,40,finance
199,HR-10199,Harper,Moore,harper.moore@company.com,+1-555-805-2513,2018-04-28,,Active,Full-time,AE,,SLS,Sales,LATAM,Latin America,APAC-NORTH,APAC - North,Bengaluru,KA,USA,19994.99,0.0649,HRIS,HRLOAD-538,2025-09-24 04:58:31.000,ncEcTMrBollYCSvY,False,59,hr
200,HR-10200,Sebastian,Gonzalez,sebastian.gonzalez@company.com,+1-555-928-2641,2023-03-01,,Active,Full-time,Inside Sales,,SUP,Support,NA,North America,US-EAST,United States - East,Toronto,BC,India,104172.99,0.0026,HRIS,HRLOAD-555,2025-09-24 04:58:31.000,QANxEJnmNIDwR5f1,False,57,finance
201,HR-10201,Jackson,Smith,jackson.smith@company.com,+1-555-663-4430,2026-06-17,,Active,Full-time,Inside Sales,,ENG,Engineering,LATAM,Latin America,APAC-SOUTH,APAC - South,San Francisco,SP,Brazil,109655.48,0.0652,HRIS,HRLOAD-896,2025-09-24 04:58:31.000,aqPVNBTPmHLTmtvf,False,43,hr
202,HR-10202,Emily,Miller,emily.miller@company.com,+1-555-251-2579,2022-08-09,,Active,Full-time,Sales Manager,,FIN,Finance,EMEA,"Europe, Middle East & Africa",US-EAST,United States - East,Toronto,BE,Singapore,109089.07,0.1877,HRIS,HRLOAD-390,2025-09-24 04:58:31.000,VQ5vO8TnoWXqvTOr,False,53,finance
203,HR-10203,Jackson,Rodriguez,jackson.rodriguez@company.com,+1-555-284-7999,2021-09-12,,Active,Full-time,AE,,SUP,Support,EMEA,"Europe, Middle East & Africa",US-EAST,United States - East,Sao Paulo,SP,Germany,46931.46,0.1035,HRIS,HRLOAD-940,2025-09-24 04:58:31.000,Sv4XIDui2Lg52cRo,False,55,finance
204,HR-10204,Abigail,Thomas,abigail.thomas@company.com,+1-555-336-7966,2023-01-10,,Active,Full-time,Inside Sales,,FIN,Finance,APAC,Asia Pacific,LATAM-SOUTH,LATAM - South,Sao Paulo,BC,USA,88324.11,0.0082,HRIS,HRLOAD-380,2025-09-24 04:58:31.000,vEF37NGjxsKueDWm,False,43,hr
205,HR-10205,Ava,Thomas,ava.thomas@company.com,+1-555-969-8543,2023-09-23,,Active,Contract,Sales Ops,,MKT,Marketing,LATAM,Latin America,US-EAST,United States - East,Berlin,NY,Germany,118006.54,0.0205,HRIS,HRLOAD-902,2025-09-24 04:58:31.000,INwegHsMXCqvYZll,False,34,hr
206,HR-10206,Sofia,Lopez,sofia.lopez@company.com,+1-555-144-3071,2023-11-24,,Terminated,Full-time,AE,250.0,ENG,Engineering,LATAM,Latin America,US-EAST,United States - East,Sao Paulo,BE,Germany,112927.72,0.0821,HRIS,HRLOAD-679,2025-09-24 04:58:31.000,qci9Tnj3PKiz6azd,False,27,hr
207,HR-10207,Aiden,Jackson,aiden.jackson@company.com,+1-555-896-9392,2017-08-17,,Active,Full-time,Sr AE,,ENG,Engineering,NA,North America,EU-WEST,Europe - West,London,ON,Germany,34936.43,0.0478,HRIS,HRLOAD-570,2025-09-24 04:58:31.000,5wg0HlGifooclfD1,False,63,hr
208,HR-10208,Sebastian,Miller,sebastian.miller@company.com,+1-555-574-8704,2022-09-04,,Active,Full-time,Sales Manager,177.0,ENG,Engineering,LATAM,Latin America,EU-NORTH,Europe - North,Berlin,KA,USA,90815.27,0.0882,HRIS,HRLOAD-220,2025-09-24 04:58:31.000,SUOWFI5OOKEUJhAA,False,48,hr
209,HR-10209,Mason,Moore,mason.moore@company.com,+1-555-192-8218,2022-10-30,,Active,Full-time,Sr AE,59.0,FIN,Finance,,Asia Pacific,APAC-NORTH,APAC - North,Toronto,SP,UK,23999.47,0.024,HRIS,HRLOAD-137,2025-09-24 04:58:31.000,oa26rCud3ZopRXDy,False,35,hr
210,HR-10210,Elijah,Lopez,elijah.lopez@company.com,+1-555-161-7957,2017-08-17,,Active,Full-time,Sales Manager,,HR,Human Resources,NA,North America,EU-NORTH,Europe - North,New York,SP,Singapore,72596.29,0.1576,HRIS,HRLOAD-883,2025-09-24 04:58:31.000,MgKAp5ThovJuBYlS,False,42,hr
211,HR-10211,Emily,Williams,emily.williams@company.com,+1-555-279-9195,2022-12-27,,Active,Full-time,AE,,HR,Human Resources,APAC,Asia Pacific,LATAM-SOUTH,LATAM - South,San Francisco,SP,USA,41644.6,0.0411,HRIS,HRLOAD-984,2025-09-24 04:58:31.000,sM3FpKrWjqB4klin,False,42,finance
212,HR-10212,Elijah,Gonzalez,elijah.gonzalez@company.com,+1-555-535-5106,2016-07-17,,Active,Full-time,Field Sales,269.0,FIN,Finance,APAC,Asia Pacific,EU-WEST,Europe - West,Singapore,BC,UK,120716.48,0.1652,HRIS,HRLOAD-231,2025-09-24 04:58:31.000,2wRCGmkuQHaSAeqn,False,39,finance
213,HR-10213,James,Thomas,james.thomas@company.com,+1-555-907-1891,2023-08-05,,Leave,Full-time,Inside Sales,,MKT,Marketing,APAC,Asia Pacific,APAC-NORTH,APAC - North,New York,CA,USA,22716.53,0.0516,HRIS,HRLOAD-640,2025-09-24 04:58:31.000,eN1lEHYC0s9VyWWI,False,27,finance
214,HR-10214,Emily,Miller,emily.miller@company.com,+1-555-144-2390,2024-09-25,,Active,Full-time,Inside Sales,,SUP,Support,APAC,Asia Pacific,EU-NORTH,Europe - North,Singapore,TX,Singapore,55320.67,0.1862,HRIS,HRLOAD-353,2025-09-24 04:58:31.000,M17GsJ3IbwFi6AJk,False,44,hr
215,HR-10215,Daniel,Williams,daniel.williams@company.com,+1-555-231-5986,2018-01-22,,Active,Full-time,Sr AE,,SUP,Support,NA,North America,APAC-SOUTH,APAC - South,New York,TX,Brazil,110037.5,0.1298,HRIS,HRLOAD-655,2025-09-24 04:58:31.000,OtikyhxIIzXfu515,False,55,hr
216,HR-10216,James,Jackson,james.jackson@company.com,+1-555-984-7676,2019-08-12,,Active,Contract,Sales Ops,51.0,SUP,Support,NA,North America,APAC-NORTH,APAC - North,New York,TX,Singapore,115451.24,0.0843,HRIS,HRLOAD-366,2025-09-24 04:58:31.000,tjVQxvjZCYvtFU2v,False,65,hr
217,HR-10217,Evelyn,Gonzalez,evelyn.gonzalez@company.com,+1-555-172-5999,2017-07-19,,Active,Full-time,Sales Ops,,HR,Human Resources,APAC,Asia Pacific,LATAM-SOUTH,LATAM - South,Berlin,ON,USA,7829,0.1854,HRIS,HRLOAD-389,2025-09-24 04:58:31.000,IHzIf5giPNYQ5dao,False,30,finance
218,HR-10218,Mia,Moore,mia.moore@company.com,+1-555-104-4802,2019-02-12,,Active,Contract,Sales Manager,,HR,Human Resources,EMEA,"Europe, Middle East & Africa",US-EAST,United States - East,Bengaluru,SP,Brazil,7180.18,0.0872,HRIS,HRLOAD-229,2025-09-24 04:58:31.000,QBIXG7a3SE0juSZx,False,22,hr
219,HR-10219,Henry,Thomas,henry.thomas@company.com,+1-555-367-8333,2018-08-11,,Active,Full-time,AE,,FIN,Finance,NA,North America,US-WEST,United States - West,Sao Paulo,SP,India,40008.83,0.1206,HRIS,HRLOAD-455,2025-09-24 04:58:31.000,E09nAzFSH5Pmoovy,False,39,hr
220,HR-10220,Liam,Smith,liam.smith@company.com,+1-555-852-3783,2024-07-11,,Active,Full-time,Sales Ops,,ENG,Engineering,LATAM,Latin America,EU-NORTH,Europe - North,Sao Paulo,BE,UK,7810.81,0.0932,HRIS,HRLOAD-731,2025-09-24 04:58:31.000,uNFbS51owLLuK4yU,False,42,hr
221,HR-10221,Amelia,Hernandez,amelia.hernandez@company.com,+1-555-572-9895,2016-09-15,,Active,Full-time,AE,,MKT,Marketing,APAC,Asia Pacific,US-EAST,United States - East,Singapore,BC,India,15466.32,0.0746,HRIS,HRLOAD-518,2025-09-24 04:58:31.000,H7pb6qIwJ562pYbz,False,39,hr
222,HR-10222,Isabella,Smith,isabella.smith@company.com,+1-555-569-2557,2023-04-26,,Active,Full-time,AE,,HR,Human Resources,APAC,Asia Pacific,US-WEST,United States - West,Singapore,NY,India,86584.28,0.0697,HRIS,HRLOAD-247,2025-09-24 04:58:31.000,7UW0BolSY6vYDWpM,False,57,hr
223,HR-10223,Sofia,Miller,sofia.miller@company.com,+1-555-917-8198,2017-08-22,,Active,Full-time,Sales Ops,,SLS,Sales,NA,North America,LATAM-SOUTH,LATAM - South,Toronto,ON,Brazil,73966.72,0.0858,HRIS,HRLOAD-102,2025-09-24 04:58:31.000,QZHhBKQSS9b0tdqo,False,27,finance
224,HR-10224,Harper,Miller,harper.miller@company.com,+1-555-698-2852,2020-12-03,,Active,Full-time,Sr AE,,ENG,Engineering,NA,North America,APAC-SOUTH,APAC - South,Singapore,SP,Canada,98426.83,0.0942,HRIS,HRLOAD-261,2025-09-24 04:58:31.000,uXlgMC4gUPwhLVDD,False,64,finance
225,HR-10225,Emma,Martin,emma.martin@company.com,+1-555-670-3617,2022-09-23,,Active,Full-time,Field Sales,,MKT,Marketing,LATAM,Latin America,EU-WEST,Europe - West,Berlin,BC,Canada,56488.99,0.1635,HRIS,HRLOAD-978,2025-09-24 04:58:31.000,y6BO1mv9esDUN5Pa,False,25,finance
226,HR-10226,Charlotte,Johnson,charlotte.johnson@company.com,+1-555-523-6330,2024-06-22,,Terminated,Full-time,Sales Ops,,SLS,Sales,LATAM,Latin America,US-EAST,United States - East,Singapore,BC,India,114839.61,0.0404,HRIS,HRLOAD-104,2025-09-24 04:58:31.000,67U0dPaR6b78ZUwZ,False,22,hr
227,HR-10227,Henry,Martin,henry.martin@company.com,+1-555-745-8608,2024-01-04,,Active,Full-time,AE,,HR,Human Resources,LATAM,Latin America,US-EAST,United States - East,Bengaluru,SP,USA,37491.81,0.1783,HRIS,HRLOAD-118,2025-09-24 04:58:31.000,e83YazgSYWXhaf0Z,False,54,finance
228,HR-10228,Mason,Gonzalez,mason.gonzalez@company.com,+1-555-524-3709,2021-10-26,,Active,Full-time,Inside Sales,,ENG,Engineering,EMEA,"Europe, Middle East & Africa",US-WEST,United States - West,San Francisco,NY,Canada,93072.55,0.0453,HRIS,HRLOAD-432,2025-09-24 04:58:31.000,9y1vPFZmsam8mB6o,False,23,hr
229,HR-10229,Sofia,Hernandez,sofia.hernandez@company.com,+1-555-654-3020,2017-01-08,2019-04-25,Terminated,Full-time,Field Sales,,MKT,Marketing,LATAM,Latin America,APAC-NORTH,APAC - North,New York,CA,Canada,7409.57,0.025,HRIS,HRLOAD-734,2025-09-24 04:58:31.000,GMAovNvC9B7C1nos,False,57,finance
230,HR-10230,Abigail,Jackson,abigail.jackson@company.com,+1-555-852-3146,2017-06-02,2019-03-19,Terminated,Full-time,Sales Manager,,SLS,Sales,APAC,Asia Pacific,APAC-SOUTH,APAC - South,London,SP,Canada,3734.11,0.0518,HRIS,HRLOAD-491,2025-09-24 04:58:31.000,YDYQ1iqujFtKPOeD,False,63,finance
231,HR-10231,Sophia,Thomas,sophia.thomas@company.com,+1-555-288-9867,2019-08-01,,Active,Full-time,Field Sales,,HR,Human Resources,EMEA,"Europe, Middle East & Africa",US-WEST,United States - West,Toronto,NY,Singapore,4937.44,0.1675,HRIS,HRLOAD-985,2025-09-24 04:58:31.000,0s2hBhI858rmzhzp,False,47,hr
232,HR-10232,Noah,Wilson,noah.wilson@company.com,+1-555-637-4436,2017-08-04,,Active,Full-time,Inside Sales,,MKT,Marketing,EMEA,"Europe, Middle East & Africa",US-EAST,United States - East,London,BC,Canada,25183.74,0.0781,HRIS,HRLOAD-580,2025-09-24 04:58:31.000,v2OfnKGbfJLeVoKG,False,42,hr
233,HR-10233,Ethan,Gonzalez,ethan.gonzalez@company.com,+1-555-920-1734,2022-01-15,,Terminated,Full-time,Sales Manager,,HR,Human Resources,LATAM,Latin America,APAC-NORTH,APAC - North,Berlin,BC,Canada,71219.78,0.0879,HRIS,HRLOAD-336,2025-09-24 04:58:31.000,ADTeWzqs8BTS1RcE,False,53,finance
234,HR-10234,Ava,Thomas,ava.thomas@company.com,+1-555-275-8198,2016-10-16,,Active,Full-time,Inside Sales,,SUP,Support,EMEA,"Europe, Middle East & Africa",APAC-NORTH,APAC - North,Singapore,SP,India,36247.88,0.0677,HRIS,HRLOAD-733,2025-09-24 04:58:31.000,ibI8rvtUEXaimwyx,False,57,hr
235,HR-10235,Harper,Jackson,harper.jackson@company.com,+1-555-647-2091,2023-09-27,2025-01-31,Leave,Full-time,Sales Ops,,HR,Human Resources,NA,North America,APAC-SOUTH,APAC - South,Bengaluru,KA,UK,80157.92,0.0567,HRIS,HRLOAD-616,2025-09-24 04:58:31.000,wr3nqE8hnXezWSXh,False,27,finance
236,HR-10236,Ethan,Thomas,ethan.thomas@company.com,+1-555-229-1816,2021-07-26,,Active,Contract,Field Sales,,SLS,Sales,EMEA,"Europe, Middle East & Africa",EU-WEST,Europe - West,Berlin,SP,Brazil,75258.72,0.0449,HRIS,HRLOAD-372,2025-09-24 04:58:31.000,Dgq5SFL17Kd2koiF,False,58,finance
237,HR-10237,Harper,Jones,harper.jones@company.com,+1-555-392-1844,2019-06-19,,Active,Full-time,Sr AE,,MKT,Marketing,LATAM,Latin America,US-WEST,United States - West,Sao Paulo,NY,Canada,49631.38,0.09,HRIS,HRLOAD-362,2025-09-24 04:58:31.000,W2hp8n1ktuxlj7yV,False,51,hr
238,HR-10238,Noah,Williams,noah.williams@company.com,+1-555-148-6300,2018-08-21,,Active,Full-time,Sr AE,39.0,MKT,Marketing,NA,North America,EU-WEST,Europe - West,Toronto,KA,USA,89010.48,0.0069,HRIS,HRLOAD-628,2025-09-24 04:58:31.000,hFDUZfufyuoKIcuv,False,61,hr
239,HR-10239,Elizabeth,Thomas,elizabeth.thomas@company.com,+1-555-725-3197,2016-01-20,,Active,Full-time,AE,,FIN,Finance,EMEA,"Europe, Middle East & Africa",APAC-NORTH,APAC - North,San Francisco,CA,USA,119725.86,0.0524,HRIS,HRLOAD-370,2025-09-24 04:58:31.000,m4fuo8ZlmAFcgldT,False,39,hr
240,HR-10240,Isabella,Gonzalez,isabella.gonzalez@company.com,+1-555-562-1947,2022-05-05,,Active,Full-time,AE,,FIN,Finance,LATAM,Latin America,EU-NORTH,Europe - North,Toronto,SP,India,48709.66,0.1205,HRIS,HRLOAD-533,2025-09-24 04:58:31.000,lKtDSbFtLYCNrpFH,False,35,hr
241,HR-10241,Mia,Thomas,mia.thomas@company.com,+1-555-480-5063,2023-08-15,,Active,Full-time,Inside Sales,,SUP,Support,EMEA,"Europe, Middle East & Africa",EU-NORTH,Europe - North,San Francisco,CA,Brazil,109019.21,0.06,HRIS,HRLOAD-731,2025-09-24 04:58:31.000,BQjwWQKgnpbNJ5I4,False,51,finance
242,HR-10242,Ava,Taylor,ava.taylor@company.com,+1-555-102-6270,2020-05-29,,Active,Contract,Field Sales,,SLS,Sales,APAC,Asia Pacific,EU-NORTH,Europe - North,Berlin,NY,India,5335.15,0.1095,HRIS,HRLOAD-466,2025-09-24 04:58:31.000,5VfbRKOFcCZLch4H,False,31,hr
243,HR-10243,Sophia,Williams,sophia.williams@company.com,+1-555-821-6883,2022-07-04,,Active,Full-time,Inside Sales,33.0,FIN,Finance,APAC,Asia Pacific,EU-WEST,Europe - West,Sao Paulo,NY,India,72116.1,0.0363,HRIS,HRLOAD-439,2025-09-24 04:58:31.000,43S30nigWKxw9t4W,False,55,finance
244,HR-10244,Emily,Jones,emily.jones@company.com,+1-555-677-5514,2021-02-27,,Active,Full-time,Inside Sales,,SUP,Support,LATAM,Latin America,APAC-NORTH,APAC - North,Bengaluru,BC,Canada,21941.89,0.0968,HRIS,HRLOAD-773,2025-09-24 04:58:31.000,xVDd2Ngfj9t96AXm,False,58,hr
245,HR-10245,Elijah,Williams,elijah.williams@company.com,+1-555-954-8621,2021-09-24,,Active,Full-time,Inside Sales,,ENG,Engineering,LATAM,Latin America,US-EAST,United States - East,Toronto,CA,Singapore,45185.21,0.0079,HRIS,HRLOAD-621,2025-09-24 04:58:31.000,4Oj1rXOLTqZHU0pz,False,44,finance
246,HR-10246,James,Williams,james.williams@company.com,+1-555-466-2186,2016-08-04,,Active,Full-time,Sales Ops,,FIN,Finance,APAC,Asia Pacific,EU-WEST,Europe - West,San Francisco,SP,Singapore,34047.2,0.0446,HRIS,HRLOAD-786,2025-09-24 04:58:31.000,dbMRvLmgsHhCp701,False,59,finance
247,HR-10247,Sofia,Davis,sofia.davis@company.com,+1-555-723-7057,2019-06-25,,Active,Contract,Sales Manager,,ENG,Engineering,NA,North America,APAC-SOUTH,APAC - South,Singapore,KA,Canada,4044.66,0.1557,HRIS,HRLOAD-763,2025-09-24 04:58:31.000,TKElSF9aJmtFGi1w,False,29,finance
248,HR-10248,Ethan,Miller,ethan.miller@company.com,+1-555-433-8886,2016-10-09,,Active,Contract,Sales Manager,,ENG,Engineering,LATAM,Latin America,LATAM-SOUTH,LATAM - South,Berlin,BE,UK,122266.74,0.0118,HRIS,HRLOAD-163,2025-09-24 04:58:31.000,CTJk9wen3HYIOQ9m,False,54,finance
249,HR-10249,Evelyn,Williams,evelyn.williams@company.com,+1-555-146-3393,2023-11-25,,Active,Contract,AE,,SLS,Sales,LATAM,Latin America,EU-WEST,Europe - West,Toronto,NY,Brazil,58562.02,0.1425,HRIS,HRLOAD-434,2025-09-24 04:58:31.000,yGr7liIvScPw5sAt,False,55,finance
250,HR-10250,Noah,Rodriguez,noah.rodriguez@company.com,+1-555-670-6800,2025-12-11,,Active,Full-time,Sales Manager,,ENG,Engineering,LATAM,Latin America,EU-WEST,Europe - West,Toronto,ON,USA,38495.29,0.0963,HRIS,HRLOAD-457,2025-09-24 04:58:31.000,llPv4opliQJpYPAL,False,63,finance
251,HR-10251,James,Anderson,james.anderson@company.com,+1-555-892-2024,2023-03-02,2025-12-14,Terminated,Full-time,Field Sales,,SUP,Support,NA,North America,LATAM-SOUTH,LATAM - South,Singapore,BE,Germany,122158.25,0.1982,HRIS,HRLOAD-121,2025-09-24 04:58:31.000,nhQF7726Zbi82MMB,False,48,finance
252,HR-10252,Charlotte,Jones,charlotte.jones@company.com,+1-555-997-5816,2022-07-12,,Active,Full-time,AE,,MKT,Marketing,LATAM,Latin America,EU-NORTH,Europe - North,Bengaluru,CA,Brazil,11918.46,0.1667,HRIS,HRLOAD-259,2025-09-24 04:58:31.000,IueEGYmlsXoNbfRE,False,28,hr
253,HR-10253,Evelyn,Thomas,evelyn.thomas@company.com,+1-555-144-7329,2022-03-07,,Active,Full-time,Sales Ops,,ENG,Engineering,APAC,Asia Pacific,EU-WEST,Europe - West,Singapore,CA,Germany,115788.81,0.1545,HRIS,HRLOAD-773,2025-09-24 04:58:31.000,0xLImcTkJbbkOL9O,False,54,hr
254,HR-10254,Elijah,Smith,elijah.smith@company.com,+1-555-321-2999,2016-12-05,,Active,Contract,AE,,FIN,Finance,LATAM,Latin America,LATAM-SOUTH,LATAM - South,New York,SP,Canada,8109.59,0.0911,HRIS,HRLOAD-499,2025-09-24 04:58:31.000,QMS6sQy3ZVLq486u,False,21,finance
255,HR-10255,Abigail,Thomas,abigail.thomas@company.com,+1-555-132-1219,2018-06-05,,Active,Full-time,Field Sales,,SUP,Support,LATAM,Latin America,EU-WEST,Europe - West,New York,TX,USA,7424.3,0.118,HRIS,HRLOAD-194,2025-09-24 04:58:31.000,iUQzKI6FHCzQgQ5V,False,55,finance
256,HR-10256,Aiden,Lopez,aiden.lopez@company.com,+1-555-986-4004,2023-10-10,,Active,Full-time,AE,,HR,Human Resources,APAC,Asia Pacific,US-WEST,United States - West,Sao Paulo,BC,UK,20368.41,0.0939,HRIS,HRLOAD-311,2025-09-24 04:58:31.000,uFTBs1yAnDRwPEa7,False,39,hr
257,HR-10257,Elizabeth,Moore,elizabeth.moore@company.com,+1-555-629-3352,2017-01-05,,Active,Full-time,AE,140.0,MKT,Marketing,APAC,Asia Pacific,US-EAST,United States - East,Singapore,TX,Singapore,39765.6,0.1809,HRIS,HRLOAD-555,2025-09-24 04:58:31.000,IZgOaLXBI3lWGzfU,False,30,hr
258,HR-10258,Olivia,Taylor,olivia.taylor@company.com,+1-555-121-9652,2024-05-06,,Active,Full-time,Field Sales,,SUP,Support,LATAM,Latin America,US-WEST,United States - West,Toronto,BE,UK,12020.53,0.1417,HRIS,HRLOAD-255,2025-09-24 04:58:31.000,kZjt09w7c7mcVkUa,False,28,finance
259,HR-10259,Sophia,Lopez,sophia.lopez@company.com,+1-555-604-9374,2017-04-01,,Active,Full-time,Field Sales,,HR,Human Resources,APAC,Asia Pacific,US-WEST,United States - West,London,SP,USA,110376.16,0.113,HRIS,HRLOAD-639,2025-09-24 04:58:31.000,jnhSubew6wwrv956,False,58,hr
260,HR-10260,Emily,Jackson,emily.jackson@company.com,+1-555-373-2349,2017-09-03,2021-04-11,Leave,Full-time,Inside Sales,,MKT,Marketing,APAC,Asia Pacific,US-EAST,United States - East,Sao Paulo,SP,India,92903.34,0.0146,HRIS,HRLOAD-622,2025-09-24 04:58:31.000,j4REkCMUa7qU8TZR,False,172,finance
261,HR-10261,Aiden,Martinez,aiden.martinez@company.com,+1-555-121-2152,2023-12-23,2026-10-05,Leave,Full-time,Field Sales,,MKT,Marketing,LATAM,Latin America,US-WEST,United States - West,Bengaluru,BC,USA,99223.1,0.1373,HRIS,HRLOAD-576,2025-09-24 04:58:31.000,y647ukG8MGH7Ejvr,False,25,hr
262,HR-10262,Evelyn,Jackson,evelyn.jackson@company.com,+1-555-162-2270,2020-11-24,2024-01-25,Terminated,Full-time,AE,,HR,Human Resources,EMEA,"Europe, Middle East & Africa",APAC-SOUTH,APAC - South,Sao Paulo,TX,USA,38783.13,0.1193,HRIS,HRLOAD-521,2025-09-24 04:58:31.000,1p5xB6HQgaqgZp7Q,False,33,hr
263,HR-10263,Michael,Hernandez,michael.hernandez@company.com,+1-555-333-3092,2019-10-24,,Active,Full-time,AE,,SLS,Sales,NA,North America,APAC-SOUTH,APAC - South,Sao Paulo,TX,Canada,14058.08,0.1831,HRIS,HRLOAD-181,2025-09-24 04:58:31.000,acBi3hUXtH9My8q7,False,40,hr
264,HR-10264,Abigail,Wilson,abigail.wilson@company.com,+1-555-703-9294,2024-02-08,,Active,Contract,AE,,ENG,Engineering,APAC,Asia Pacific,APAC-SOUTH,APAC - South,New York,BE,India,47288.28,0.145,HRIS,HRLOAD-464,2025-09-24 04:58:31.000,PdDqLyCHK3rrlg05,False,29,hr
265,HR-10265,Sebastian,Lopez,sebastian.lopez@company.com,+1-555-322-9231,2016-09-29,,Terminated,Full-time,Inside Sales,,HR,Human Resources,NA,North America,LATAM-SOUTH,LATAM - South,Bengaluru,SP,India,84802.59,0.0309,HRIS,HRLOAD-226,2025-09-24 04:58:31.000,F5iR23KLEoLgyDhw,False,29,hr
266,HR-10266,Elizabeth,Johnson,elizabeth.johnson@company.com,+1-555-337-7550,2021-06-07,,Active,Full-time,Sr AE,,ENG,Engineering,NA,North America,EU-WEST,Europe - West,Berlin,ON,Brazil,121861.56,0.1305,HRIS,HRLOAD-937,2025-09-24 04:58:31.000,Md2WFKEUHrGnaG1S,False,34,finance
267,HR-10267,Evelyn,Taylor,evelyn.taylor@company.com,+1-555-902-1712,2016-02-04,,Active,Full-time,Sales Manager,,HR,Human Resources,NA,North America,EU-WEST,Europe - West,New York,BE,UK,40630.41,0.0708,HRIS,HRLOAD-602,2025-09-24 04:58:31.000,7CptHFtVsZGg0RDL,False,158,finance
268,HR-10268,Ethan,Lopez,ethan.lopez@company.com,+1-555-243-1113,2024-08-05,2027-03-19,Leave,Contract,Field Sales,163.0,ENG,Engineering,LATAM,Latin America,LATAM-SOUTH,LATAM - South,Singapore,TX,Singapore,60141.01,0.0264,HRIS,HRLOAD-768,2025-09-24 04:58:31.000,OntarZmSU3pza2bo,False,26,finance
269,HR-10269,Lucas,Wilson,lucas.wilson@company.com,+1-555-905-3583,2024-05-18,,Active,Contract,Sales Manager,124.0,HR,Human Resources,EMEA,"Europe, Middle East & Africa",APAC-NORTH,APAC - North,New York,CA,Brazil,69167.25,0.0162,HRIS,HRLOAD-292,2025-09-24 04:58:31.000,0c9fjePfMs0ar3Uc,False,151,hr
270,HR-10270,Emily,Jones,emily.jones@company.com,+1-555-217-3537,2023-11-20,,Active,Contract,Sales Manager,20.0,SUP,Support,EMEA,"Europe, Middle East & Africa",EU-WEST,Europe - West,Sao Paulo,BE,Canada,94753.14,0.1437,HRIS,HRLOAD-800,2025-09-24 04:58:31.000,bpDwCkXJ2iz8UC97,False,33,finance
271,HR-10271,James,Thomas,james.thomas@company.com,+1-555-865-4531,2024-12-12,,Active,Contract,Field Sales,,SUP,Support,LATAM,Latin America,US-EAST,United States - East,Sao Paulo,BC,Brazil,64653.98,0.0172,HRIS,HRLOAD-321,2025-09-24 04:58:31.000,UWyk7LOvhJz3PUJU,False,29,finance
272,HR-10272,Elizabeth,Jones,elizabeth.jones@company.com,+1-555-713-5173,2023-06-23,,Active,Full-time,Inside Sales,,SLS,Sales,EMEA,"Europe, Middle East & Africa",US-EAST,United States - East,Bengaluru,ON,USA,38805.06,0.0111,HRIS,HRLOAD-740,2025-09-24 04:58:31.000,t4rSfY3K4NUHGXk2,False,30,hr
273,HR-10273,Sebastian,Lopez,sebastian.lopez@company.com,+1-555-162-1373,2020-09-10,,Active,Full-time,Sales Manager,96.0,FIN,Finance,EMEA,"Europe, Middle East & Africa",EU-WEST,Europe - West,New York,BE,India,66117.23,0.1051,HRIS,HRLOAD-131,2025-09-24 04:58:31.000,GllcJSXXLeKIbyoF,False,37,hr
274,HR-10274,Sebastian,Smith,sebastian.smith@company.com,+1-555-677-7453,2016-08-16,,Active,Full-time,Field Sales,216.0,ENG,Engineering,LATAM,Latin America,EU-NORTH,Europe - North,London,NY,UK,101202.26,0.1151,HRIS,HRLOAD-386,2025-09-24 04:58:31.000,YTxSmMalkvTb2f66,False,60,hr
275,HR-10275,Daniel,Williams,daniel.williams@company.com,+1-555-895-6234,2019-09-01,,Active,Full-time,AE,43.0,SLS,Sales,LATAM,Latin America,LATAM-SOUTH,LATAM - South,San Francisco,ON,India,65914.75,0.0836,HRIS,HRLOAD-681,2025-09-24 04:58:31.000,vnluU366MoJW5DID,False,49,finance
276,HR-10276,Aiden,Davis,aiden.davis@company.com,+1-555-368-7883,2023-02-20,,Leave,Full-time,Sr AE,,SUP,Support,NA,North America,APAC-NORTH,APAC - North,London,KA,UK,117883.7,0.1912,HRIS,HRLOAD-638,2025-09-24 04:58:31.000,0w6WuUzvcnKPf55S,False,48,finance
277,HR-10277,Ethan,Johnson,ethan.johnson@company.com,+1-555-113-9931,2024-11-26,,Active,Full-time,Sr AE,,HR,Human Resources,APAC,Asia Pacific,US-EAST,United States - East,New York,SP,Brazil,53563.65,0.0022,HRIS,HRLOAD-460,2025-09-24 04:58:31.000,zEl2Qlotw83zYQhN,False,59,finance
278,HR-10278,Emily,Gonzalez,emily.gonzalez@company.com,+1-555-729-1697,2017-11-18,,Active,Full-time,Sales Manager,,SLS,Sales,LATAM,Latin America,US-WEST,United States - West,Bengaluru,SP,Germany,122640.15,0.0277,HRIS,HRLOAD-372,2025-09-24 04:58:31.000,WtLu9fQumJVpXVAl,False,49,hr
279,HR-10279,Mason,Wilson,mason.wilson@company.com,+1-555-927-8738,2024-06-15,,Active,Contract,Sr AE,78.0,SUP,Support,EMEA,"Europe, Middle East & Africa",US-WEST,United States - West,Sao Paulo,BC,Singapore,33519.05,0.0383,HRIS,HRLOAD-743,2025-09-24 04:58:31.000,C60md66a2gMkbdpm,False,59,finance
280,HR-10280,Aiden,Hernandez,aiden.hernandez@company.com,+1-555-777-9389,2016-09-04,,Active,Contract,Inside Sales,,SUP,Support,APAC,Asia Pacific,US-WEST,United States - West,San Francisco,KA,Canada,21205.99,0.1132,HRIS,HRLOAD-396,2025-09-24 04:58:31.000,BhIqq2MUYBBAwW2s,False,63,hr
281,HR-10281,Sophia,Miller,sophia.miller@company.com,+1-555-836-6259,2016-09-13,,Active,Full-time,Inside Sales,,ENG,Engineering,NA,North America,US-EAST,United States - East,London,SP,Canada,55124.97,0.0549,HRIS,HRLOAD-486,2025-09-24 04:58:31.000,OjGgVI4f2Bi6pqk8,False,51,hr
282,HR-10282,Ava,Thomas,ava.thomas@company.com,+1-555-651-4785,2019-09-30,,Active,Full-time,AE,,HR,Human Resources,NA,North America,EU-WEST,Europe - West,London,ON,USA,21472.78,0.0237,HRIS,HRLOAD-374,2025-09-24 04:58:31.000,5X7UyGWdHJSvLTxQ,False,21,hr
283,HR-10283,Ethan,Garcia,ethan.garcia@company.com,+1-555-258-6621,2021-04-13,,Active,Full-time,Inside Sales,,SUP,Support,LATAM,Latin America,EU-WEST,Europe - West,New York,TX,UK,115828.32,0.0534,HRIS,HRLOAD-751,2025-09-24 04:58:31.000,Jf8KCbpuOkEqJQGU,False,60,finance
284,HR-10284,Abigail,Williams,abigail.williams@company.com,+1-555-460-1343,2020-04-27,,Active,Full-time,Field Sales,,ENG,Engineering,LATAM,Latin America,APAC-SOUTH,APAC - South,San Francisco,SP,Brazil,22743.6,0.1175,HRIS,HRLOAD-839,2025-09-24 04:58:31.000,ExoQMdq5rsJx68in,False,31,finance
285,HR-10285,Evelyn,Anderson,evelyn.anderson@company.com,+1-555-417-8923,2016-04-17,2019-04-14,Leave,Full-time,Sales Ops,222.0,,,APAC,Asia Pacific,APAC-NORTH,APAC - North,Berlin,KA,UK,90279.87,0.1934,HRIS,HRLOAD-172,2025-09-24 04:58:31.000,ANiL22ik3RVeMbTX,False,41,finance
286,HR-10286,Amelia,Smith,amelia.smith@company.com,+1-555-327-7438,2019-09-09,,Active,Full-time,Sales Manager,,SLS,Sales,APAC,Asia Pacific,APAC-SOUTH,APAC - South,Berlin,BC,Singapore,54309.51,0.0885,HRIS,HRLOAD-418,2025-09-24 04:58:31.000,Yj0nfqSZwxZi7T7l,False,42,hr
287,HR-10287,Evelyn,Martinez,evelyn.martinez@company.com,+1-555-909-1143,2019-04-02,2021-10-24,Terminated,Full-time,Sr AE,,SLS,Sales,APAC,Asia Pacific,LATAM-SOUTH,LATAM - South,Singapore,SP,Brazil,13958.62,0.1663,HRIS,HRLOAD-879,2025-09-24 04:58:31.000,QUjAtJQ3DKnQZaRU,False,27,hr
288,HR-10288,Mia,Lopez,mia.lopez@company.com,+1-555-165-4508,2021-10-22,,Active,Full-time,AE,,HR,Human Resources,LATAM,Latin America,APAC-NORTH,APAC - North,Toronto,CA,Brazil,56835.6,0.1237,HRIS,HRLOAD-299,2025-09-24 04:58:31.000,02SnEFwEC8M84lVx,False,59,hr
289,HR-10289,Michael,Jackson,michael.jackson@company.com,+1-555-699-2719,2021-07-14,,Active,Full-time,Sales Manager,,HR,Human Resources,APAC,Asia Pacific,EU-NORTH,Europe - North,San Francisco,BE,USA,65985.16,0.1292,HRIS,HRLOAD-950,2025-09-24 04:58:31.000,VPEyB6pYr5jmPleX,False,53,hr
290,HR-10290,Henry,Moore,henry.moore@company.com,+1-555-642-9202,2024-07-26,2029-11-22,Terminated,Full-time,Field Sales,,MKT,Marketing,APAC,Asia Pacific,LATAM-SOUTH,LATAM - South,London,CA,Brazil,45867.15,0.115,HRIS,HRLOAD-289,2025-09-24 04:58:31.000,cdSL96lNmKeRzVPA,False,54,finance
291,HR-10291,Logan,Martin,logan.martin@company.com,+1-555-263-7752,2022-12-28,,Active,Full-time,Field Sales,,MKT,Marketing,LATAM,Latin America,EU-NORTH,Europe - North,London,SP,Brazil,28676.01,0.039,HRIS,HRLOAD-209,2025-09-24 04:58:31.000,cgqG6krxNvPjcJSi,False,177,finance
292,HR-10292,Amelia,Hernandez,amelia.hernandez@company.com,+1-555-157-2437,2023-12-30,,Active,Full-time,Sales Manager,,MKT,Marketing,NA,North America,EU-NORTH,Europe - North,San Francisco,SP,India,40873.76,0.101,HRIS,HRLOAD-608,2025-09-24 04:58:31.000,95X3IHvu13f4SOng,False,59,finance
293,HR-10293,Michael,Davis,michael.davis@company.com,+1-555-963-4624,2023-08-08,,Active,Full-time,Sales Manager,,FIN,Finance,NA,North America,APAC-NORTH,APAC - North,Bengaluru,KA,Brazil,107880.7,0.1583,HRIS,HRLOAD-503,2025-09-24 04:58:31.000,5STMEWGVRGJlNy8E,False,37,hr
294,HR-10294,Aiden,Rodriguez,aiden.rodriguez@company.com,+1-555-179-2197,2018-10-19,2021-05-16,Terminated,Contract,AE,51.0,ENG,Engineering,APAC,Asia Pacific,APAC-NORTH,APAC - North,Sao Paulo,SP,UK,120965.25,0.0204,HRIS,HRLOAD-725,2025-09-24 04:58:31.000,tHKBYRYpFHKaYBj1,False,56,hr
295,HR-10295,Benjamin,Brown,benjamin.brown@company.com,+1-555-802-7266,2017-11-01,,Active,Full-time,Sales Ops,,ENG,Engineering,EMEA,"Europe, Middle East & Africa",APAC-NORTH,APAC - North,San Francisco,NY,Canada,105756.62,0.1953,HRIS,HRLOAD-423,2025-09-24 04:58:31.000,CCaGpfdjykCkT2ue,False,26,finance
296,HR-10296,Emma,Thomas,emma.thomas@company.com,+1-555-969-3173,2020-11-22,2024-03-08,Terminated,Contract,Sales Ops,,ENG,Engineering,EMEA,"Europe, Middle East & Africa",APAC-NORTH,APAC - North,Bengaluru,NY,USA,33641.49,0.1028,HRIS,HRLOAD-273,2025-09-24 04:58:31.000,tv8QAgws6A8qc3eW,False,59,finance
297,HR-10297,Liam,Martinez,liam.martinez@company.com,+1-555-485-2909,2017-03-11,,Terminated,Full-time,AE,,FIN,Finance,APAC,Asia Pacific,LATAM-SOUTH,LATAM - South,San Francisco,ON,Brazil,24059.71,0.1605,HRIS,HRLOAD-507,2025-09-24 04:58:31.000,eHg0z9TAlAL13ubP,False,64,hr
298,HR-10298,Liam,Jones,liam.jones@company.com,+1-555-982-2496,2017-11-21,,Active,Full-time,Sales Manager,,HR,Human Resources,APAC,Asia Pacific,US-EAST,United States - East,Bengaluru,ON,UK,74360.6,0.0911,HRIS,HRLOAD-155,2025-09-24 04:58:31.000,s3SJ62UHcnOhNvyZ,False,25,hr
299,HR-10299,Harper,Taylor,harper.taylor@company.com,+1-555-219-6919,2024-03-27,,Active,Full-time,AE,234.0,HR,Human Resources,NA,North America,APAC-SOUTH,APAC - South,New York,TX,Canada,112005.33,0.1996,HRIS,HRLOAD-772,2025-09-24 04:58:31.000,S0rQHAOFzieO7IHu,False,23,finance
300,HR-10300,Sophia,Wilson,sophia.wilson@company.com,+1-555-631-9998,2023-01-12,,Active,Full-time,Sales Ops,,ENG,Engineering,NA,North America,US-EAST,United States - East,London,SP,UK,103318.62,0.1236,HRIS,HRLOAD-349,2025-09-24 04:58:31.000,Yy1KG395MWSyEA3y,False,41,finance
